,SMILES,ro5_fulfilled
0,Cc1cc(CN2CCCC2)cc(C2CCC(N3CCC(C(=O)NCCO)C3)=CC2=O)c1,True
1,N#Cc1cc(OCC(N)c2ccccc2)ccc1F,True
3,NC1=NC(CF)(c2cc(NC(=O)c3cnc(OCc4ccccn4)cn3)ccc2F)COC1,True
4,CC1(C)SCC(C)(c2cccc(NC(=O)c3ccc(Br)cn3)c2)N=C1N,True
5,CC(C)(C)NC(=O)C12CC1NC(N)=NC2(c1ccccc1)c1cccc(-c2cncnc2)c1,True
6,CN(c1ccc(C(=O)Nc2ccon2)c(F)c1)c1cc(-c2ccc(OC(F)F)cc2)c(F)cc1F,True
9,CN1C(=O)C(c2ccc(OC(F)F)cc2)(c2ccc(F)c(-c3cccnc3)c2)N=C1N,True
11,COc1cnc(C(=O)Nc2ccc(F)c(C3(CF)N=C(N)OC4CC43)c2)c(OC)c1,True
12,NC1=NC(c2cc(NC(=O)c3ccc(Cl)cn3)ccc2F)(C(F)F)COC1,True
13,COc1c(C)noc1-c1ccc(CC(C)C)cc1,True
14,CS(=O)(=O)N1CC2C=C(c3ccc(-c4cccc(-c5cccc(C(=O)O)c5)c4)cc3)CC2C1,True
15,O=C(Nc1ccccc1-c1cncc(C(F)(F)F)c1)c1ccccc1,True
17,O=C(COc1ccccc1)Nc1ccc2nc(CNC3CCCCC3)ccc2c1,True
20,O=C(Nc1cc(-c2ccccc2)ccc1N1CCC(O)(C(F)F)CC1)c1ccc(F)cc1,True
21,CC(=O)NC(Cc1ccccc1)C(O)CNCc1cccc(OCC(O)CO)c1,True
22,Cc1cc(Br)cc(C)c1NC(=O)c1cccc(C(F)(F)F)c1,True
26,COc1ccc2oc(-c3cccc(NC(=O)C(C)(C)C)c3)cc(=O)c2c1,True
27,O=S(=O)(c1ccccc1)N(Cc1ccc(OC(F)(F)F)cc1)CC(F)(F)F,True
29,CCc1cn(C2OC(C)C(O)C2O)c(=O)nc1C(C)C,True
31,NC1=NC2(c3cc(NC(=O)c4ccc(Cl)cn4)ccc3F)OCC2CS1,True
32,COc1cc(C(=O)NC2CCN(C)CC2)cc(-c2ccccc2)c1,True
35,CN(C)Cc1ccccc1-c1cc2c(Nc3cccc(Br)c3)ncnc2s1,True
36,CCC(O)C(CC)NC(CC(C)C)C(=O)NC(Cc1cc(F)cc(F)c1)C(O)CNCc1cccc(CCO)c1,False
37,CCOc1cc(CC2CS(=O)(=O)CC(NCc3cccc(C(C)C)c3)C2O)ccc1-c1ccccc1,True
38,O=C(Nc1cc(-c2ccccc2)cc(Oc2ccccc2)n1)C1CCCc2ccc(O)cc21,True
39,COCc1cc2cc(C#N)ccc2nc1O,True
41,COc1cc(NC(=O)c2ccc(NC(=O)N3Cc4ccccc4C3)cc2)cc(OC)c1,True
42,NCc1ccc(Br)cc1CCC(=O)Nc1cccc(Cl)c1,True
43,NC1=NC(CF)(c2cccc(NC(=O)c3ccc(Cl)cn3)c2)COC1,True
44,CC(C)CCN1C(Cc2cccc(C(F)(F)F)c2)CNC(=O)C(C)C1C,True
45,CC(C)Oc1cc(C(=O)NC2Cc3cccc(NC(C)(C)C)c3CN(C)C2)ccc1F,True
46,COc1ccc2[nH]c(-c3cccc(-c4ccc(NC(C)=O)cc4)c3)nc2c1,True
47,COc1ccc(NC(=O)c2cnc(C)cn2)cc1,True
49,CCN(CC)CCC(=O)C(c1ccccc1)c1ccccc1,True
51,CCCN(CCC)C(=O)c1cc(C(C)=O)cc(C(=O)NC(Cc2cc(F)cc(F)c2)C(O)CNCc2ccccc2)c1,True
52,CCCS(=O)(=O)C(C)C(CC)Nc1cccc(-c2ccccc2Cl)n1,True
54,CC1(c2cc(-c3cncc(Cl)c3)ccc2F)N=C(N)OCC1(F)F,True
55,CC1(c2cc(NC(=O)c3ccc(F)cn3)ccc2F)Cc2cccc(F)c2N1,True
57,CC1(c2cc(Nc3ccccn3)ccc2F)N=C(N)OCC1(F)F,True
58,O=c1cccc(-c2ccccc2)c(O)c1,True
63,CCCC(=O)Nc1ccc(-c2ccnc(N3CCNCC3)c2)cc1,True
69,NC1=NC(c2ccc(OC(F)(F)F)cc2)(c2cccc(Br)c2)C(CO)N1,True
73,CC(=O)Nc1c(Cl)cc(Cl)c2ccccc12,True
74,CC(=O)N1C(Cc2ccncc2)CCC1(O)c1nc(C(=O)O)cs1,True
76,NC1=NC(c2cc(NC(=O)c3cnc(OCC(F)F)cn3)ccc2F)(C(F)F)COC1,True
77,CN(c1cc(-c2ccc3c(c2)CCNCCO3)ccn1)C(Cc1cccc(O)c1)C(=O)NC1CCCc2ccccc21,False
78,CC1(c2cc(Nc3cnccn3)ccc2F)CCSC(N)=NC1(O)CCO,True
79,COc1cc(CC(=O)OCC(=O)Nc2cccc(C(=O)O)c2)ccc1F,True
80,CCOc1cccc(-c2nc(SCC(=O)Nc3nc(-c4cc(Cl)ccc4OC)cc(Cl)c3F)n[nH]2)c1,False
81,CC(=O)NC(Cc1cc(F)cc(F)c1)C(O)CNC1CCC(C)(c2cccc(O)c2)CC1,True
82,Cc1ccccc1-c1ccc2nc(N)c(CC(C)C(=O)NCCC(C)(C)C)cc2c1,True
83,CCc1ccc(C(c2cccc(Br)c2)C2(C)CC2)cc1,True
84,CC(C)CC1CC(=O)NC(CCC2CCCCC2)C(=O)N(C)C(CC(C)C)C(=O)NCCC(=O)N1,True
85,COc1cccc(-c2cc(OCC3CCNCC3)cnc2-c2ccc(C)cc2)c1,True
86,Oc1ccc(C2Oc3ccccc3OC2COc2ccc(OCc3ccccc3)cc2)cc1,True
89,Cc1cc(C)nc(NC(C)c2ncc(CC#N)cc2C)n1,True
90,Cc1cnc(Oc2ccc(-c3ccc(CCC(C)C)c(C)c3)cc2)c(N)n1,True
92,Nc1nc(=O)c2ccccc2[nH]1,True
96,COc1cnc(C(=O)Nc2ccc(Cl)c(C3(C(F)F)N=C(N)OC4CC43)c2)cn1,True
97,COc1ccc(N2CC(=O)CON2)cc1,True
98,CCNc1cc(C(=O)NC(Cc2ccccc2)C(O)CNCc2ccc3cc[nH]c3c2)cc2c1CCN2,True
99,COc1ccccc1Oc1ccc(CN2CCC3(CC2)OCc2ccccc2O3)cc1,True
102,CN1C(=O)C(c2ccccc2)(c2cccc(F)c2)N=C1N,True
103,N#Cc1cccc(C23CCC(N(CCN4CCCC4)C(=O)Nc4ccc(F)c(Cl)c4)C2C3)c1,True
105,CCCCN(CCC)c1cc(C)nc2c(-c3ccccn3)c(C)nn12,True
106,NC1=NC(c2cccc(-c3ccccc3)c2)CC(=O)C1,True
107,CN1C(=O)C2(CC(C)(C)Oc3ccc(-c4cccc(Cl)c4)cc32)N=C1N,True
108,Nc1cc(C(=O)NC(Cc2ccccc2)C(O)CNCc2ccc3ccccc3c2)cc(-c2ccccc2)n1,True
109,Cc1cc(C2(c3cccc(-c4cncnc4)c3)N=C(N)c3c(F)cccc32)ccn1,True
111,NCc1cc(Br)cc(C(=O)Nc2ccc(Cl)c(Cl)c2)c1,True
112,CCc1ccc2c(c1)C(NCC(O)C1Cc3cccc(c3)OCCCCC(=O)N1)OC2,True
113,COc1ccc(N2CC3C(=O)N(C)C(N)=NC3(c3ccc(F)cc3F)C2)nc1,True
115,CSc1cc(C(=O)Nc2ccc(F)c(C3(C)C=C(CO)C(N)=N3)c2)ncc1F,True
116,COc1cnc(NC(=O)c2ccc(F)c(OCc3cccnc3)c2)c(OC)c1,True
118,N#Cc1ccnc(Nc2ccc(F)c(-c3ccccc3)c2)c1,True
119,CC(C)CC(NC(=O)C(NC(=O)C(N)CNC(=O)c1nn[nH]n1)C(C)C)C(C)C,True
122,Cc1ccc(S(=O)(=O)NCC(O)CNc2cccc(Br)c2)cc1,True
125,CCc1nc(N2CC3C(=O)N(C)C(N)=NC3(c3ccc(F)cc3Cl)C2)nc(C)c1F,True
126,CCNC(=O)Oc1cccc(C2(C)CCSC(N)=N2)c1,True
127,COc1cnc(C(=O)Nc2cc(F)c(F)c(C3(C)CC(C(F)(F)F)OC(N)=N3)c2)c(F)c1,True
129,O=C(Nc1cc(Br)ccc1N1CCN(Cc2ccccc2)CC1)c1ccccc1,True
133,CC(OC1CCCNC1)c1ccc(F)c(COc2ccc3c(c2)C2(CCCC2)CC3)c1,True
134,N#Cc1ccc(C(=O)Nc2cc(F)c(F)c(C3(CF)N=C(N)OC4CC43)c2)cc1,True
136,Cc1ccc(C(=O)NCC(=O)NC2CCCc3ccccc32)cc1,True
137,NC1=NC(=O)C(Cc2ccccc2)N1,True
138,COc1ccc(CN(Cc2ccccc2)C2=NCCC2(C)C)cc1OC,True
139,O=C1c2ccc(O)cc2OCC1Cc1ccc(Cl)cc1,True
141,COCC(Oc1cc(F)cc(CC2CS(=O)(=O)CC(NCc3cccc(C(C)(C)C)c3)C2O)c1)c1ccccc1,True
142,COc1cncc(OC)c1C1CCCC(NC(=O)c2cc3ccccn3n2)C1,True
147,NC(CCc1ccccc1)C(=O)Nc1cccc(-c2ccccc2)c1,True
148,COc1cccc(-c2[nH]c(O)c(O)c2C(O)C(C)(C)C)c1,True
149,CN1C(N)=NC(C)(c2cc(NC(=O)c3ccc(C#N)cn3)ccc2F)CS1(C)C,True
150,NC1=NC(c2cccc(OC(F)(F)F)c2)(c2ccc(Cl)c(F)c2)N=C1N,True
151,CN1C(=O)CC2(NC(=O)c3ccc(Cl)cc32)C12COC2,True
152,COc1ccc(-c2cc(C(=O)NCc3cc(F)c(C)cc3C)nc(C)c2C)cn1,True
153,Cc1cc(Br)cnc1C(=O)Nc1cccc(C2(C)CCCCC2)c1,True
155,CNCC(O)C(Cc1cccc(-c2ccsc2)c1)NC(=O)COC,True
156,NS(=O)(=O)c1ccc(-c2cn(-c3cccc(Br)c3)nn2)cc1,True
160,NC1=NC(c2cc(NC(=O)c3cnc(Cl)cn3)ccc2F)(C(F)F)COC1,True
161,O=C(CC1CC(OCc2ccccc2)CN1C(=O)Nc1ccc(F)cc1)c1ccccc1,True
162,CCCCN(C(=O)N(C)C)c1cc2nc(-c3cncs3)ccc2nc1C,True
163,COc1ccccc1CNC(=O)C1CCOCC1,True
164,Oc1c(Cc2ccccc2)cc(-c2ccccc2)cc1-c1ccccc1,True
167,O=S(=O)(c1ccc(Cl)cc1)N1CCN(c2ccccn2)CC1,True
168,COc1cccc(-c2nc(SCC(=O)Nc3ccc4c(c3)OCCO4)c(-c3ccccc3)[nH]2)c1,True
169,COc1ccc2c(OCc3cc(-c4ccccc4)nc(N)n3)ccnc2c1,True
170,CCOC(=O)c1cnc2c(c1)cc(-c1cn[nH]c1)c(=O)n2C,True
172,Cc1ccc(-c2nn(C)c(=O)c3ccccc23)cc1C,True
173,CCNCc1cc(C(=O)N2CCN(Cc3ccccc3)CC2)cc(C(F)(F)F)c1,True
175,COc1cccc(-c2ccnc(Nc3ccc(F)cc3)n2)c1,True
176,O=C(NC(Cc1ccccc1)C(O)CNCc1cccc(C(F)(F)F)c1)OCc1cccnc1,True
178,Cn1cc(C2(C(=O)Nc3cc(C(=O)O)cc(C(C)(C)C)c3)N=C(N)C2(C)CO)cn1,True
180,CN1C(=O)C(c2ccc(OC(F)F)cc2)(c2ccc(F)c(-c3cncnc3)c2)N=C1N,True
181,NC1=NC(c2cc(NCc3nn(C(F)F)cc3Cl)ccc2F)C2C1OCC2C(F)(F)F,True
185,O=C(Nc1cn(CC(O)CO)c(-c2cccc(F)c2)n1)c1cccc(OCCF)c1,True
187,CCCOc1cc(C)c2c(c1C)CC(C)(CC)O2,True
188,N#Cc1cc2cc(S(=O)(=O)Nc3ccc(F)c(Br)c3)ccc2[nH]1,True
189,O=C(Nc1cc(Br)ccc1N1CCN(Cc2ccccc2)CC1)c1ccccc1Cl,True
192,CC(C)(O)COc1cccc(-c2cc3c(N)ncc(C(N)=O)c3cc2F)c1,True
194,COc1ccc(S(=O)(=O)N(Cc2ccccc2)C(C)C(=O)O)cc1,True
196,CC1(c2cc(NC(=O)c3ccco3)ccc2F)N=C(N)OCC1F,True
199,COc1cccc(-c2[nH]nc3ccc(-c4nc[nH]n4)cc23)c1,True
200,FC1CCN(Cc2c[nH]c3c(Cl)cc(Cl)cc23)CC1,True
201,CN1C(=O)C(c2cccc(-c3cncnc3)c2)(C2CC2)N=C1N,True
206,NC1=NC(c2ccc(Cl)cc2)(c2ccc(F)c(Cl)c2)C2CCCC12,True
207,COCc1cc2cc(c1)C(=O)NC(C(C)COCc1ccccc1)N2,True
208,CC(C)(C)COc1ccc2c(c1)C1(COC(N)=N1)c1cc(Br)cc(F)c1O2,True
209,CCCN(CCC)C(=O)c1cc(C)cc(C(=O)NC(Cc2cc(F)cc(F)c2)C(O)CNCc2cccc(OC)c2)c1,False
210,O=c1cc(Oc2ccc(O)cc2)ccn1Cc1ccccc1,True
212,COc1ccc2oc(CN(C)Cc3ccccc3)cc2c1,True
213,O=C(Nc1cc(Br)ccc1N1CCNCC1)c1cccc(F)c1,True
214,COc1cccc(CNCC(O)C(Cc2ccccc2)NC(=O)c2cc(OC)cc(N3CCCCC3)c2)c1,True
215,COc1cccc(NC(=O)c2cc(-c3cccc(OC(C)(C)C)c3)on2)c1,True
216,CCOc1ncccc1C(=O)Nc1ccc(F)c(C2(C(F)F)COCC(N)=N2)c1,True
217,NC1=NC(c2cc(NC(=O)c3cnc(OCC(F)F)cn3)ccc2F)C2C1CC(N)C2CO,True
219,Cc1ccc(CNC(=O)n2sc3ncccc3c2=O)cc1,True
220,CN1C(=O)C2(OCCC2O)c2ccccc21,True
221,CC(=O)N1CCCCCC1CCOc1ccc2c(c1)C(C)(C)CCC2(C)C,True
222,CC(C)c1cccc(CNCC(O)C(Cc2ccccc2)NC(=O)C2CCC(=O)N2)c1,True
223,Cc1ccc(S(=O)(=O)N(CCO)c2ccc(-c3cccnc3)c3cccnc23)cc1,True
226,COc1cccc(-c2cccc(C3CC3c3cc(=O)n(C)c(N)n3)c2)c1,True
230,CC(=O)NC(Cc1cc(F)cc(F)c1)C(O)CNC1CC(C)(C)Oc2ccc(OC(F)(F)F)cc21,True
232,Cc1coc(C(=O)Nc2ccc(F)c(C3(C(F)F)COCC(N)=N3)c2)c1,True
233,O=C(NC1=NCCS1)c1ccc(OC(F)(F)F)cc1,True
234,COc1cc(Br)cnc1C(=O)Nc1ccc(F)c(C2(C)N=C(N)OC3CC32)c1,True
236,O=C(NC(c1ccc(F)c(O)c1)c1ccc2cccnc2c1)C(F)F,True
238,CC(C)(C)CNS(=O)(=O)c1ccc(-c2cccc(F)c2)cc1,True
239,Cn1cc(CNC(=O)c2cc(COc3ccc(F)cc3F)co2)cn1,True
240,Cc1ccc(N(C(C)C(=O)Nc2ccccc2C)S(C)(=O)=O)c(C)c1,True
242,O=C(Nc1nc2ccccc2n1Cc1ccccc1Cl)c1ccccc1Cl,True
243,COc1cnc2cc(C(=O)Nc3ccc(F)c(C4(C)COCC(N)=N4)c3)ccc2c1,True
244,CC1Cc2ccc(OCC(O)CNC3CCCCC3)cc2O1,True
245,COc1ccc(-c2nn(CC(=O)NCCc3ccccc3)c(=O)c3ccccc23)cc1,True
246,CC1(c2cc(NC(=O)c3ncc(F)cn3)ccc2F)Cc2ccccc2C(N)=N1,True
247,Cc1cc(OCc2ccc(F)cc2F)c(-c2ccc(F)cc2)cc1-c1ccc(C(=O)NCC(F)(F)F)cc1,False
248,CN(CCOc1ccc(Cl)cc1)CC(O)CCC(c1ccccc1)c1ccccc1,True
249,CC1=CCc2cccc(c2)C(=O)c2cc(C#N)cnc2N=C1N,True
251,CCNC(=O)c1[nH]c(C(=O)OC(C)C)c(-c2ccc(OC)c(F)c2)c1C,True
252,O=C(Nc1nnc(C2CC2)s1)c1ccc(Cl)cc1,True
254,CSc1cccc(NC(=O)Nc2ccc(F)c(C3CCCC3)c2)c1,True
257,CC1=NC(c2cccc(-c3cccnc3)c2F)OC1,True
258,COc1cnc(C(=O)Nc2ccc(Cl)c(C3(C(F)F)N=C(N)OC4CC43)c2)c(F)c1,True
259,Cc1cc(C#N)cc(C)c1Nc1cc(Cl)ccc1CNC(=O)Nc1cccc(C(C)C)c1,True
260,COc1cnc(C(=O)Nc2ccc(F)c(C3(C(F)F)COCC(N)=N3)c2)c(F)c1,True
263,CC(=O)NC(Cc1cc(F)cc(F)c1)C(O)CNC1CC(C)(C)Oc2ccc(CC(C)(C)C)cc21,True
264,Cc1cc(OCc2ccc(F)cc2F)cc2c(=O)c(C(=O)Nc3ccc(Cl)c(C4(C)CCOCC4)c3)c[nH]c12,False
265,O=C(Nc1ccc2c(c1)N(C(=O)Nc1cccc(Cl)c1)CCC2)c1cccc(F)c1,True
266,Cc1cnc2c(c1)CCC(Nc1ccc(F)c(C3(CF)COCC(N)=N3)c1)C2,True
268,Cn1ccc2c(OCC(=O)NCc3cccc(OC(F)(F)F)c3)ccc(F)c21,True
269,CC(C)CC(NC(=O)CC(O)C(CC(C)C)NC(=O)C(NC(=O)C(N)CCC(=O)O)C(C)C)C(O)CC(C)C(=O)NC(C(=O)NCc1ccccc1)C(C)C,False
270,CC1OC(c2ccccc2)C(NCC2CCCCC2)Cc2[nH]ncc21,True
271,Cc1ccc(C(=O)Nc2cc(C3(C)CCC(C)C(C)(C)OC3)ccc2F)cc1,True
272,CCc1cnc2c(c1)C(=O)c1cccc(c1)CC(C)(N)CNC2=O,True
273,CN1CC(N(C)c2nc(-c3cccnc3)c[nH]2)C(C)(C(=O)NC(CO)c2ccccc2)C1,True
276,Cc1nc(-c2ccc(Cl)cc2F)c(C2CCCNC2)n1C,True
278,COc1ccc(C(=O)Nc2ccc(F)c(C3(C)CS(=O)(=O)N(C)C(N)=N3)c2)c(OC)c1,True
279,CCC1(C)CN(C(=O)c2cccc(Cl)c2)N=C1c1ccc(OC)cc1,True
280,CC(=O)NC(Cc1cc(F)cc(F)c1)C(O)CNC1CCC(CC2CCCCC2)CC1,True
281,Cc1ccc(NC(=O)c2cc(N(C)c3cccc(F)c3)nc(C)n2)cc1,True
282,CCc1ccc(-c2nc(SCC(=O)Nc3ccccc3)c(-c3ccccc3)[nH]2)cc1,True
285,CCc1cc(O)cc(-c2ccc(F)cc2)c1,True
286,COc1ccc(C(=O)Nc2ccc(F)c(C3(C)CS(=O)(=O)C(C)(C)C(N)=N3)c2)nc1,True
287,CN1C(=O)C(c2ccc(OC(F)F)cc2)(c2ccc(F)c(-c3cccc(Cl)c3)c2)N=C1N,True
288,CC(C)Cc1ccc(C(C)C(=O)Nc2ccc(CCCC3OCCCO3)cc2)cc1,True
291,NC1=NC(c2cc(NCC3CCOC3)c(F)cc2F)(C(F)F)COC1,True
294,CC1=NC2(N=C1N)c1cc(Br)ccc1CC21CCC(O)C1,True
297,O=C(O)CNCc1ccc(OCc2cccc(COc3ccc(-n4cnc(Br)c4)cc3)c2)cc1,True
302,CCNc1cc(C(=O)NC(Cc2ccccc2)C(N)C(O)CC(C)C(=O)NC(C)(C)C)ccn1,True
304,COCCN(c1ccc(C(=O)NC(C)C)cc1)c1cc(N2CCc3c(cccc3OC)C2)nc(OC)c1Cl,False
306,NC1=NC(c2ccc(OC(F)F)cc2)(c2cccc(F)c2)CO1,True
307,CCc1nc(NCc2ccco2)c(C)c(-c2cccc(F)c2)n1,True
311,COc1cccc(CNc2ccc(S(=O)(=O)NCC3CC3)c(C)c2)c1,True
312,Cc1nn(CC(F)(F)F)c(=O)cc1-c1cccc(C(C)C)c1,True
313,NC1=NC2(c3cc(NC(=O)c4ccc(F)cn4)ccc3F)OCCC2CS1,True
314,Cc1cc(Br)cnc1C(=O)Nc1cc(F)c(C#N)cc1F,True
316,CCc1ccc(CNCC(O)(c2ccccc2)c2ccccc2)cc1,True
317,CCCc1ccc(-c2ccc(F)c(C3(c4ccnc(N)c4)N=C(N)c4c(F)cc(F)cc43)c2)cc1,True
318,O=C(Nc1ccccn1)c1c(NC(=O)C2CCC(F)(F)CC2)sc2c1CCCC2,True
319,O=C(NCc1cc(C(F)(F)F)ccc1F)C(C=Cc1ccccc1)CCc1nc(O)c(NCc2ccc(Cl)cc2)cc1O,False
320,NC1=NC(c2cccc(NC(=O)c3cnc(CC(F)F)s3)c2)COC1,True
321,N#Cc1cnc2c(c1)CCCC2c1cccc(OCCN2CCOCC2)c1,True
322,CCCC(C)(C)NCC(O)C(CC(C)C)NC(=O)c1cc2cccc(Cl)c2o1,True
323,CN(c1cc(C(F)(F)F)cc(C(F)(F)F)c1)c1ccc2nc(N)nc(N)c2c1,True
325,CC(C)CN(CC(O)C(Cc1ccccc1)NC(=O)OC1CCCCC1)S(=O)(=O)c1ccccc1,True
326,COc1ccc(C(=O)c2c(-c3ccc(OC)cc3)[nH]c(O)c2O)cc1,True
329,CC1(c2cc(NC(=O)c3ccc(Cl)c(C#N)c3)ccc2F)CS(N)(=O)=N1,True
330,COc1cnc(C(=O)Nc2ccc(F)c(C3(CF)N=C(N)OC4CC43)c2)c(C)c1,True
331,O=C(Nc1ccccc1)N1CCN(Cc2ccc(F)cc2)CC1,True
333,CNc1ncc2c(CCc3cccc(C(F)(F)F)c3)cccc2n1,True
334,Cc1cc(C)nc(NC(=O)c2ccccc2OCCn2cccn2)c1,True
336,Cc1cc(OC(F)F)cnc1C(=O)Nc1ccc(Cl)c(C(F)(F)F)c1,True
338,COCc1cc(C(=O)NC(Cc2cc(F)cc(F)c2)C(O)CNCc2cccc(OC)c2)cc(N(C)S(C)(=O)=O)c1,True
339,COc1cc(F)ccc1-c1ccc2c(c1)C(OC(C)c1cc(Cl)cc(Cl)c1)NCCc1cccc(c1)OCCCCN2,False
340,CC(c1ccccc1)c1cccc(-c2cccc(CC(C)(C)C(=O)O)c2)c1,True
341,Cc1cccc(CNC(=O)c2ccc(Oc3ccc(C#N)cc3)cc2)c1,True
343,COCC(Oc1cc(F)cc(CC2CS(=O)(=O)CC(NCc3cccc(C(C)(C)C)c3)C2O)c1)C(F)F,True
344,COc1cnc(C(=O)Nc2ccc(F)c(C3(C)CS(=O)(=O)C(C)(C)C(N)=N3)c2)c(F)c1,True
346,O=C(Nc1cc(-c2ccc(F)cc2)ccc1OC(F)F)C1CCCCC1,True
348,O=S(=O)(c1ccc2cc[nH]c2c1)N1CCCCCC1,True
351,COc1nc(N2CC3C(=O)N(C)C(N)=NC3(c3ccc(Cl)cc3F)C2)ccc1F,True
353,COc1ccc(NC(=O)C(c2ccccc2)c2ccccc2)cc1,True
354,CC(NC(=O)c1cc(NCC(F)(F)c2ccccc2)cc(NC2CCC(N)CC2)c1)c1cc(C(=O)N(C)C(C)(C)C)ccc1F,False
356,CCn1cc2c3c(cc(=O)nc(C(F)(F)F)c31)NCCc1ccccc1-2,True
357,NCc1cc(Oc2ccc(NC(=O)c3cc(N4CCOCC4)c4ncccc4c3)cc2)ccn1,True
358,Cc1nn(CCC(=O)NC(C)c2ccccc2)c(C)c1C,True
362,Fc1cc(COCC(Cc2ccccc2)NCc2ccccn2)ccc1Cl,True
364,CSc1cccc(-c2ccc(C3CC3c3cc(=O)cc(N4CCOCC4)cc3C)nc2)c1,True
365,NC1=NC(c2cc(NCC3CCOC3)ccc2F)(C(F)F)C(F)(F)CC1F,True
367,O=C(Nc1ccc(F)cc1)c1ccc2c(c1)CCN(S(=O)(=O)c1ccc(Cl)cc1)C2,True
370,CSc1cccc(NC(=O)COc2cccc(C)c2)c1,True
372,CC1(c2cc(Br)cc(NC(=O)c3ccc(Br)cn3)c2)CN(C(=O)OCC(F)(F)F)CC1F,False
374,CCCc1cc(OC(C)Cc2ccccc2)cn(C)c1=O,True
375,O=C(Nc1ccc(F)cc1)C1CCN(C(=O)c2cccc(F)c2)CC1,True
377,CC1(c2cc(NC(=O)c3ccc(Cl)cn3)ccc2F)CCC1,True
378,O=C(Nc1cc(-c2ccccc2)ccc1N1CCN(C(=O)OC(C(F)(F)F)C(F)(F)F)CC1)c1ccccc1,False
379,CC(C)c1ccc(C(=O)Nc2ccc(F)c(C3(CF)CC(N)=NCCC3(F)F)c2)nc1,True
383,CC(C)c1cccc(CNC(=O)CC2CC(=O)N(C)C(=O)N2C)c1,True
384,CCc1ccc(C(=O)Nc2ccc(F)c(C3(C(F)F)COCC(N)=N3)c2)cn1,True
385,NC1=NC(c2cc(NC(=O)c3ncc(Cl)cc3Cl)ccc2F)(C(F)F)OCC1,True
387,Cc1cc(OC(F)F)cnc1C(=O)Nc1ccc(F)c(C2(C)N=C(N)OC3CC32)c1,True
388,NC1=NC(CF)(c2cc(NC(=O)c3ccc(OCC(F)(F)F)nc3)ccc2F)CO1,True
389,Cc1onc(-c2ccccc2)c1C(=O)Nc1ccc(F)c(F)c1,True
390,COc1cccc(CNC(=O)c2cc(S(=O)(=O)c3ccccc3)ccc2F)c1,True
391,NC1=NC2(c3ccccc3Cl)COCC2CS1,True
392,COc1ccc(C2(c3cccc(-c4cncnc4)c3)N=C(N)c3c(F)cccc32)cc1,True
393,CC1=NC(c2cccc(F)c2)(c2cccc(-c3cccnc3)c2)N=C(N)O1,True
394,Cc1nn(CCC(=O)NCc2cccc(Cl)c2)c(=O)c2ccccc12,True
396,CN(c1ccc(C(=O)O)cc1)c1cc(C(=O)Nc2ccc(Cl)c(C(N)=O)c2)ccc1F,True
397,c1ccc(-c2ccc(Nc3cccnc3)c3ccccc23)cc1,True
400,CN(C)c1cccc(CNCC(O)C(Cc2ccccc2)NC(=O)C(C)(C)C2CCCC2N(C)C)c1,True
401,COC1CCC2(CC1)Cc1ccc(-c3cncc(C)n3)cc1C21N=C(C)C(N)=N1,True
402,N=c1oc2ccccc2cc1C(=O)Nc1ccc(Br)cc1,True
403,CCn1cc(C(=O)NC(CNC(=O)c2cc(C)sc2C)C(C)C)cn1,True
404,NC1=NC(c2ccccc2)(C2CCCCC2)C(=O)N1,True
405,CCS(=O)(=O)Nc1ccc(F)c(CN(c2ccc3ccc(F)c(C)c3n2)C2CCCC2)c1,True
406,Oc1ncc(Br)c(O)c1O,True
407,CC(=O)N(C)c1ccc(OCC(O)CNC(=O)Cc2ccc(C)cc2)cc1,True
408,COc1ccc(N(Cc2ccccc2)C(=O)CNC(=O)OC(C)(C)C)cc1,True
409,CCN1CCN2c3cccc(C(=O)O)c3CCC12c1ccccc1,True
410,CN(C)c1cccc2c(CCCC(=O)NS(=O)(=O)c3cccs3)cc(C(F)(F)F)cc12,True
411,NCc1cccc(CNc2cc(-c3cccc(Br)c3)ccc2F)c1,True
412,CC1(C)CC2CCC(NC(=O)Nc3ccc(Cl)c(Cl)c3)C2C1,True
413,CC(Nc1cc(F)cc(C#N)c1)c1cc(C(=O)O)cc2cc(C(=O)O)ccc12,True
414,CN1C(=O)C(c2cccc(-c3cncc(Cl)c3)c2)(C2CC2)N=C1N,True
415,Cc1ccc(C(=O)NC(Cc2ccccc2)C(O)CC(=O)NCc2ccccc2)c(C)c1,True
416,COc1ccc(-c2occ(-c3ccccc3Cl)c2CC(C)C)cc1,True
417,O=S(=O)(c1ccc(F)cc1)N1CCN(CCc2ccccc2)CC1,True
419,Cn1c(SCC(=O)N2CCC(F)(F)CC2)nc2ccc(Nc3nc(N4CCCC4)nc(N4CCCC4)n3)cc21,True
421,Oc1cc(Cl)cnc1-c1ccc2c(c1)CCNCC2,True
423,O=C(NCC(c1ccccc1)c1ccccc1)OCc1ccccc1,True
424,O=C(Nc1cc(Br)ccc1N1CCN(Cc2ccccc2)CC1)c1cccc2ccccc12,True
425,Cc1nc(C)c(C(=O)Nc2ccc(Br)cn2)s1,True
426,CN1Cc2ccccc2NC(=O)C(C)(c2cc(NC(=O)c3coc(C(F)F)n3)ccc2F)Cc2ccccc2N(C)C1=O,False
427,CN1C(=O)N(C)C(c2cccc(C=CCc3ccccc3)c2)N=C1N,True
428,CCCCN(CCCC)C(=O)c1cc(C(=O)NC(Cc2ccccc2)C(O)CNCc2ccccc2)cc(C(C)OC)c1,False
429,O=C(CSc1nc2ccc(-c3ccccc3)cc2[nH]1)NCc1ccccc1,True
431,CC(=O)NC(Cc1cc(F)cc(F)c1)C(O)CNC1CCN(Cc2ccccc2)CC1,True
432,NCc1cc(CN2CCSCC2NC(=O)c2ccccc2)ccc1F,True
433,Cc1c(C(=O)N(Cc2ccco2)C2CCCCC2)oc2ccc(Cl)cc12,True
434,COc1cnc(C(=O)Nc2ccc(Cl)c(C3(C(F)F)N=C(N)OC4CC43)c2)nc1,True
435,Cc1ccn2c(-c3cccc(NC(=O)c4ccc(Cl)cc4)n3)c(C)nc2c1,True
439,COc1cccc(CNCC(O)C(Cc2ccccc2)NC(=O)Cc2csc(C)n2)c1,True
440,O=C(O)c1ccnc(C(=O)NCCc2ccccc2CCc2ccccc2OCCF)c1,True
441,Cn1cc(C2CC3CSC(N)=NC3(c3ccccc3)CO2)cn1,True
442,COc1cnc(C(=O)Nc2cccc(C3(C)CCOC(N)=N3)c2)cn1,True
444,COCn1cc(C(=O)Nc2ccc(-c3ccccc3C3CC3)cc2)cn1,True
446,CCc1nc(N2CCCCC2C)c(N)cc1C(F)(F)F,True
448,COc1cccc(CNCC(O)C(Cc2ccccc2)NC(=O)c2cc(N)cc(N)n2)c1,True
449,COc1cccc(-c2ccc(F)c(F)c2)c1,True
450,COc1nc(N2CC3C(=O)N(C)C(N)=NC3(c3ccccc3F)CO2)ncc1F,True
454,CN1c2ccc(Br)cc2CCc2ccc(NC(=O)Nc3cccnc3)cc21,True
455,CC(=O)NCCC(=O)NC(Cc1ccccc1)C(O)CNCc1cccc(C(F)(F)F)c1,True
457,NC1=NC(c2cc(NC(=O)c3ncc(Cl)cc3Cl)ccc2F)(C(F)F)COC1,True
458,CN1C(=O)C(c2ccc(OC(F)F)cc2)(c2cccc(F)c2)N=C1N,True
459,CC(=O)NC(Cc1cc(F)cc(F)c1)C(O)CNC1CCCCC1,True
461,CC(C)Oc1ccc(-c2cc3c(C(=O)O)c[nH]c3cc2Cl)cc1,True
462,Cc1cc(N(CC(=O)Nc2cccc(C(F)(F)F)c2)S(C)(=O)=O)ccc1C(C)N,True
463,c1ccc(-c2cccc(NCC3CCc4ccccc43)c2)cc1,True
464,COCc1cc(NC(=O)c2ccc(F)c(Cl)c2)cc(OC)c1,True
466,NC1=NC(=O)C(c2cccc(-c3cncnc3)c2)N=C1N,True
467,CN1C(N)=NC(C)(c2cc(-c3ccncn3)ccc2F)CS1(C)C,True
468,CN(Cc1cc(F)cc(F)c1)C(=O)Cc1ccc(SC(F)(F)F)cc1,True
469,O=S1(=O)CCCc2cc(N(Cc3ccccc3)Cc3ccncn3)ccc21,True
470,O=C(Nc1cccc(-c2c[nH]cn2)c1)c1cc(F)ccc1-c1ccccc1,True
471,CN(CCF)c1cccc(CNCC(O)COc2cccc(F)c2CO)c1,True
472,NC1=NC(c2cc(NC(=O)c3cnc(OCF)cn3)ccc2F)C2(CCO2)C1,True
473,Fc1ccc(-c2nc3sccn3c2-c2ccnc(Oc3cccc(F)c3)n2)cc1,True
474,CCCCC1CCN(C(C)c2ccc(Cl)cc2)C(Cc2ccccc2)C1,True
475,Cc1noc(C)c1CN(CC(=O)Nc1cccc(Cl)c1)S(=O)(=O)c1ccccc1,True
478,COc1cnc(C(=O)Nc2cc(F)c(F)c(C3(C)CCSC(N)=N3)c2)c(F)c1,True
479,NC1=NC(c2cc(NC(=O)c3ncc(Cl)cc3O)ccc2F)(C(F)F)COC1,True
480,COCc1cn2c(-c3cccc(C(=O)NCC(F)(F)CO)c3)ccc2nc1O,True
483,COc1cc(C#N)cc(-c2ccc3c(c2)C2(N=C(C)C(N)=N2)C2(CCC(OC)CC2)C3)c1,True
484,CN(CC(=O)Nc1cccc(F)c1)Cc1ccccc1,True
486,N#Cc1cccnc1Oc1cccnc1,True
487,CCOc1cccc(CN2CCC3(CC2)C(=O)NC(CC(C)C)C(=O)N3CC(C)C)c1,True
488,Cc1ccc(S(=O)(=O)Nc2ccc(F)c(Cl)c2)cc1,True
489,NC1=NC(CF)(c2cc(NC(=O)c3ccc(F)cn3)ccc2F)COC1,True
490,COCc1cc(Oc2ccc(C(F)(F)F)cc2)cc(C2CCC(C)NC(C)CC2)c1,True
491,COc1ccc(-c2nc3ccc(Br)cn3c2NC2CCCCC2)cc1,True
492,O=C(Nc1cc(Br)ccc1N1CCNCC1)c1cc(Cl)ccn1,True
493,COc1ccc(C(=O)Nc2ccc(F)c(C3(C)N=C(N)COCC3(F)F)c2)cn1,True
494,CCOc1cccc(-c2nc(NCC(C)C)nc(SC)n2)c1,True
495,COc1nc(N2CC3C(=O)N(C)C(N)=NC3(c3ccc(F)cc3F)C2)nc(C)c1F,True
496,Cc1cccc(N2CCN(C(=O)CSc3ccc(F)cc3)CC2)c1,True
497,Cn1cc(C(=O)Nc2ccc(F)c(C3(C(F)F)COCC(N)=N3)c2)c(CCF)n1,True
498,CCC(C)C1(NC(Cc2ccccc2)Cn2cc(-c3ccc(-c4cccnc4)cc3)cn2)CNC1=O,True
499,COc1ccc(-c2cnc(N3CC(C)OC(C)C3)c(C(C)(C)C)n2)cc1,True
500,COc1cccc(-c2ccc(C3CC3c3cc(=O)n(C)c(N)n3)cc2)c1,True
501,COc1cnc(C(=O)Nc2ccc(F)c(C3(C)C=C(F)C(N)CCS3(=O)=O)c2)nc1,True
503,NC1=NC(c2cc(NC(=O)c3nnc(O)cc3Cl)ccc2F)C2CC2O1,True
504,CC(=O)NC(Cc1ccccc1)C(O)CNC1CC1,True
505,Cc1ccc(-c2noc(C)c2COc2ccc(C3CC3)cc2F)cc1,True
506,N#Cc1ccccc1-c1ccc(CNc2ccc(F)cc2)cc1,True
507,COc1ccc(Sc2ccc(-c3ccc(-c4ccccc4)s3)c(NC(=O)c3ccncc3)c2)cc1,True
509,Oc1nc(NC2CCC(O)CC2)cc(Oc2ccc(F)cc2F)n1,True
510,COc1cnc(C(=O)Nc2ccc(F)c(C3(C)N=C(N)OC4CC43)c2)cn1,True
513,CC(=O)NC(Cc1ccccc1)C(O)CNC1CC2(CCC2)O1,True
514,Clc1ccc(C(c2ccccc2Cl)N2CCNCC2)cc1,True
515,COc1ccc(OC)c(-c2cc(NC(=O)c3ccsc3)[nH]n2)c1,True
516,CCc1cncc(-c2ccc3c(c2)C2(CCOCC2)N=C(C)C(N)=N3)c1,True
517,c1ccc(-c2cccc(-c3ccoc3)c2)cc1,True
520,COc1cc(Br)cnc1C(=O)Nc1ccc(F)c(C2(C(F)F)COCC(N)=N2)c1,True
521,CCSCC(NC(=O)CNC(=O)C(NC(=O)C(NC(=O)OCC(C)C)C(C)C)C(C)C)C(=O)NC(CC(=O)O)C(=O)NCc1ccccc1,False
522,CCc1cc2cc(OC)ccc2oc1=N,True
523,CCNc1cc(C(=O)NC(Cc2ccccc2)C(O)CNCc2cccc(OC)c2)cc(N(C)S(=O)(=O)C(C)C)c1,True
524,CCCNC(=O)CC(NS(=O)(=O)c1ccc2c(c1)CCCCN2)C(C)C,True
525,Cc1cncc(-c2cc(C3(C)CC(=O)N(C)C(N)=N3)n(CC(C)(C)C)c2)c1,True
526,CN1C(=O)CC(C)(C2CCN(C(=O)c3cc(F)cc(C#N)c3)CC2)N=C1N,True
528,COc1cnc(C(=O)Nc2ccc(F)c(C3(C)CS(=O)(=O)N(C)C(N)=N3)c2)c(F)c1,True
529,CN1C(=O)C(c2ccc(OC(F)F)cc2)(c2ccc(F)c(Cl)c2)N=C1N,True
530,O=S(=O)(c1ccc(-c2ccccc2)cc1)N1CCCCCC1,True
531,NC(Cc1ccccc1)C(=O)NC(CC(=O)O)C(=O)O,True
532,Cc1cc(OCc2cc(-c3ccccc3)cc(-c3ccccc3Cl)c2)nc(C)n1,True
535,COc1ccc(C(=O)Cn2cc(C3=CC=c4ncnc(Nc5ccc(OCc6cccc(F)c6)c(Cl)c5)c4=Cc4ccc(O)cc43)c3ccccc32)cc1,False
536,Oc1cc(C(OCc2ccccc2)N2CCNCC2)cc(O)c1F,True
537,COc1ccc(C(=O)C2CCCN(C(=O)c3cc(C)c(OC)c(C)c3)C2)cc1,True
538,C=Cc1ccc2oc(-c3cccc(C)c3)cc2c1,True
542,CC(=O)c1cc(C(=O)NC(Cc2ccccc2)C(O)CNCc2cccc(C(F)(F)F)c2)cc(N2CCCCC2)c1,False
543,CCc1cccc(CC)c1Nc1ccc2[nH]ccc2c1,True
544,COc1cccc(-c2cccc(C3CC3c3cccc(=O)n3C)c2)c1,True
545,Cc1ccc(Oc2cccc(CNC3COc4cccc(O)c4C3)c2)cc1,True
546,NC1=NC2(c3cc(NC(=O)c4ccc(Cl)cn4)ccc3F)OCCC2CS1,True
547,O=c1cc(OCc2cccc(F)c2)ccn1CCCO,True
548,COCCc1cc(NC(=O)C(NS(=O)(=O)c2ccccc2)C(C)C)cc(C(=O)OC)c1,True
549,COc1ccc(CN2CCN(Cc3ccccc3)C(CCO)C2)cc1OC,True
550,O=S(=O)(CCc1ccccc1)c1ccc2c(c1)CCNCC2,True
551,Cc1ccc(F)c(Nc2nc(NC3CCC(F)(F)C3)ncc2F)c1,True
553,CCNC(=O)Nc1ccc(C(=O)Nc2cc(-c3ccccc3)ccc2F)cc1,True
554,Cc1cc(OC2CCCCC2)ccc1C(=O)CC1(O)CCCC(C)C1O,True
555,COc1cc(-c2ccc3c(c2)C2(N=C(C)C(N)=N2)C2(CCC2)C(=O)N3c2cccc(Cl)c2F)ccc1F,False
557,Cc1csc(C(=O)Nc2ccc(F)c(C3(C)COC(O)C(N)=N3)c2)n1,True
559,O=C(Nc1cnc(O)nc1O)c1ccc(F)cc1,True
560,CN1CCN(Cc2cccc(CNC(=O)c3cccc(Oc4cccnc4)c3)c2)C1,True
561,CC1(c2cc(NC(=O)c3coc(C(F)(F)F)n3)ccc2F)COC(C)(C(F)(F)F)C(N)C1N,True
562,CC(C)Sc1ccc(C#N)cn1,True
563,COc1ccc(C(=O)NC(Cc2ccccc2)C(O)CNCc2cccc(O)c2)cc1,True
564,CC1(CC(=O)O)CC(CCc2ccc(-c3ccccc3)cc2)OC1=O,True
565,NC1=NC(c2cc(NC(=O)c3cnc(OCF)cn3)ccc2F)(C(F)F)COC1,True
569,O=C(NCc1nc(Cc2ccccc2)c[nH]1)C(CCO)N(C(=O)O)C(CF)CCF,True
570,NC1=NC(c2cc(NC(=O)c3ncc(F)cc3F)ccc2F)(C(F)F)COC1,True
572,Cc1cc(C(=O)Nc2ccc(S(=O)(=O)NCC(O)CC(N)=O)cc2)cc(C)c1F,True
574,COc1cnc(C(=O)Nc2ccc(F)c(C3(C)CC(C(F)(F)F)OC(N)=N3)c2)c(F)c1,True
575,CN1OC2C(O)CN(C(Cc3ccccc3)C(F)(F)F)CC2C1=O,True
578,NC1=NC(c2cc(NC(=O)c3ncc(Cl)cc3Cl)ccc2F)C2CC2O1,True
580,FC(F)(F)c1ccnc(-c2cccc(Nc3nccc(C(F)(F)F)n3)c2)c1,True
581,COc1ccc(C(=O)Nc2ccc(F)c(C3(C)CS(=O)(=O)C(CCC(C)(C)C)C(N)=N3)c2)nc1,True
582,CC1(c2cc(NC(=O)c3ccc(Cl)cn3)ccc2F)Cc2ccccc2C(N)=N1,True
583,O=C(Nc1ccc2c(c1)Cc1cc(S(=O)(=O)NCCc3ccccc3)ccc1-2)c1cccc(Cl)c1,False
585,CCCc1cnc(C(=O)Nc2ccc(F)c(C3(C)CS(=O)(=O)C(C)(C)C(N)=N3)c2)c(F)c1,True
586,Cn1cc(Br)c(C(=O)Nc2ccc(F)c(C3(C(F)F)COCC(N)=N3)c2)c1,True
587,O=C(Nc1cc(Br)ccc1N1CCNCC1)c1cc2ccccc2o1,True
589,CSc1ccc(-c2ccc(C3CC3c3cc(=O)n(C)c(N)n3)cc2)cc1,True
590,CC(C)CC(NC(=O)C(CS(C)(=O)=O)NC(=O)C1=NOC2(C)CC1C2=O)C(=O)O,True
591,O=C(NC(Cc1ccccc1)C(O)CNCc1cccc(OC(CO)CCF)c1)C(CO)Cc1ccccc1,True
592,NC(=O)c1cccc(Nc2ccnc(N3CC(c4ccc(Cl)cc4)C3)n2)c1,True
594,NC1=NC(=O)C(Cc2ccccc2)N1CCc1cccc(F)c1,True
595,NC1=NC2(CCCc3ccccc32)Oc2ccc(Cl)cc21,True
597,N#Cc1cnc(C(=O)Nc2ccc(F)c(C3(C(F)F)COCC(N)=N3)c2)c(F)c1,True
599,Cc1cc(C2(c3cccc(-c4cncnc4)c3)N=C(N)c3ncccc32)cc2ccc(O)cc12,True
600,CC(NC(=O)c1coc(-c2ccc(C(F)(F)F)cc2)c1)c1cccnc1,True
602,Cc1ccc2nc(NC(=O)C3CC3c3ccccc3)sc2c1,True
603,CCCC(NC(=O)C(CC(C)C)NC(=O)C1CCC(=O)N1)c1ccccc1,True
604,COCc1cc(NC(=O)c2cccc(OC)c2)cc(C(N)=O)c1,True
606,COc1ccc2oc(C(=O)NC(Cc3ccccc3)C(O)CNCc3cccc(N(C)C)c3)c(C)c2c1,True
607,O=c1cc(-c2ccccc2)oc2cc(OCc3ccc(C(F)(F)F)cc3)cc(O)c12,True
608,CN1C(=O)C(c2cccc(OCF)c2)(c2ccc(OCCO)c(Cl)c2)N=C1N,True
609,CC(=O)Nc1ccc(-c2cn3nc(-c4cn[nH]c4)cc3nc2N)cc1,True
610,O=C(Cc1ccccc1)Nc1cc(Br)ccc1NCc1ccc2c(c1)OCO2,True
611,COc1ccccc1-c1cccnc1C(C)C,True
614,NC1=NC(CF)(c2cc(-c3ccccc3)cs2)C(O)C1F,True
615,O=C(Nc1cc(-c2ccccc2)ccc1N1CCOCC1)c1ccccc1,True
616,COc1ccc(Sc2cccc(NCc3cc(C)cc(C)c3)n2)cc1,True
618,COCC(Oc1cc(F)cc(CC2CS(=O)(=O)CC(NCc3cccc(C(C)(C)C)c3)C2O)c1)C(=O)O,True
620,Cc1cnc(C2CC3CSC(N)=NC3(c3ccc(F)cc3F)CO2)cn1,True
621,Cc1ccc(C(=O)Nc2ccc(F)c(C3(C)CCSC(N)=N3)c2)c(F)c1,True
624,O=C(Nc1cc(Br)ccc1N1CCN(Cc2ccccc2)CC1)c1ccc(F)cc1,True
625,NC1=NC(c2ccccc2)(C2CCCCC2)C(=O)N1CCCC(F)(F)F,True
626,O=S(=O)(NCc1ccccc1)c1ccccc1,True
627,COc1cc(CNCC(C)(C)CNc2cccc(Cl)c2)cc(OC)c1,True
629,Cc1ccccc1-c1cc2c(cc1F)c(=O)c(C(=O)O)cn2C,True
630,Cc1cc(C2(c3cccc(-c4cncnc4)c3)N=C(N)c3c(F)cccc32)nc2c1COC(C)(C)C2,True
631,O=C(Nc1cccc(Cl)c1)c1ccc(F)c(NC(=O)c2cc3ccc(C(=O)Nc4cnn(Cc5ccc(F)cc5)c4)cc3n(CC(F)(F)F)c2=O)c1,False
632,NCc1cc(CC(N)C(=O)O)ccc1-c1ccc(Cl)cc1,True
634,CC(=O)Nc1cc(C)c(-c2ccc(C3(C)CC(=O)N(C)C(N)=N3)s2)c(C)n1,True
635,CC1(c2ccccc2)CC(=O)OC1c1ccccc1,True
636,CN1C(=O)C(Cc2ccc(O)cc2)N(CCc2ccc3c(c2)OCO3)C(=O)N1C,True
638,O=C(OC1CCSCC1)c1ccc2c(c1)OCc1cnccc1-2,True
640,CCN(c1ccc(C(=O)NCCC(=O)O)cc1)c1ccc(-c2ccc(CN3CCOCC3)cc2)cc1,True
642,CN(c1ccccc1)c1ccc2[nH]c(-c3cccc(NC(=O)c4ccc(Br)cc4)c3)nc2c1,True
643,CC1(c2cc(NC(=O)c3coc(C(F)F)n3)ccc2F)N=C(N)OCC1(F)F,True
648,Cc1cc(C2(c3cccc(-c4cncnc4)c3)N=C(N)c3c(F)cccc32)c(F)cc1F,True
649,Cn1cc(C(=O)NCc2ccc(F)cc2)nc1N,True
650,CNC(Cc1cc(C(F)(F)F)cc(C(F)(F)F)c1)c1cccc(-c2ccccc2)c1,True
651,O=S(=O)(NC1CC=C(c2nc3cc(S(=O)(=O)c4ccccc4)ccc3[nH]2)CC1)c1ccccc1,True
654,Cc1nc(C(F)(F)F)ccc1-c1ccc(CC(C)NC(=O)Cc2ccccc2Cl)cc1,True
655,Cc1ccc(CNS(=O)(=O)c2ccc(Cl)cc2)cc1,True
656,CC1(c2cc(NC(=O)c3ccc(OCC4CC4)cc3)ccc2F)CCSC(N)=N1,True
657,COc1ccc(-c2nc3ccc(F)cn3c2NC2CCCCC2)cc1OC,True
658,COc1cnc2ccc(C(O)c3cccc(N(C)C)c3)cc2c1,True
660,Cc1cc(OCC2=NCCN2)ccc1F,True
662,CC(=O)Nc1ccc(-c2ccccc2-c2ccc(F)c(F)c2)cc1,True
664,CC1(C)CN=C(N)c2ccc(-c3cnccn3)cc21,True
666,CC(C)(C)c1cccc(CNC2CS(=O)(=O)CC(Cc3ccc(O)cc3)C2OCC=Cc2ccccc2)c1,False
667,NS(=O)(=O)c1ccccc1-c1ccc(NC(=O)c2ccc(OCC(F)(F)F)cc2)cc1,True
668,O=C(O)CC1C=C(c2ccccc2)c2ccccc2C1=O,True
669,NC1=NC(c2cc(NC(=O)c3ccc(OCC(F)F)cc3)ccc2F)(C(F)F)COC1,True
670,COc1ccccc1-c1ccc2c(c1)C1(COC(N)=N1)c1cc(C#N)ccc1OC2,True
671,Cc1cccc(-c2ccc(C3CC3c3cc(=O)n(C)c(N)n3)cc2)c1,True
672,CNC(=O)C(NC(=O)c1cc(OC)cc(N2CCCCC2)c1)C(C)C,True
673,O=c1cc(OCc2ccccc2)ccn1CCc1ccccc1,True
674,Cc1ncc(-c2ccc(C(=O)Nc3ccc(Cl)cc3)cc2)c(OC(C)C)n1,True
676,CN1C(=O)C(c2ccccc2)(C2CCCCC2)N=C1N,True
677,CC(C)Cc1ccc(CN2CCC3(CCC(C)(C)O3)CC2c2ccc(C(F)(F)F)cc2)cc1,True
678,O=C(Nc1cc(Br)ccc1N1CCN(CCO)CC1)c1ccc2cccnc2c1,True
680,COC(=O)c1ccc(COCC(COc2ccccc2)OCC(O)Cc2cccc(O)c2)cc1,True
681,Cc1nc(C(=O)N2CCCC(C)(C)C2NC(=O)c2cccc(F)c2)cs1,True
682,COc1ccc(C(=O)Nc2cc(F)c(F)c(C3(C)CS(=O)(=O)N(C)C(N)=N3)c2)nc1,True
683,CN1c2cc(O)ccc2Cc2ccc(cc2)CCC1CO,True
684,CC1(c2cc(NCCc3ccccc3)ccc2F)N=C(N)OCC1F,True
686,NC1=NC(CF)(c2cc(Nc3nccc4cc(Cl)cnc34)ccc2F)OC1,True
687,NC1=NC(c2cc(NC(=O)c3cnc(OCc4cocn4)cn3)ccc2F)(C(F)F)COC1,True
688,COc1ccc(Cl)cc1S(=O)(=O)NC(CC(C)C)C(=O)Nc1cccc(C(=O)O)c1,True
689,COc1ccccc1-c1ccc2c(c1)NC(=O)C1=CCCCC12,True
691,COc1cccc(-c2nc(N)c(C#N)c(SCC(=O)NCC3CCCCC3)n2)c1,True
693,CCN(Cc1ccccc1)C(=O)C(C)c1ccc(CC(C)C)cc1,True
694,CCc1cc(O)nc(N2CC3C(=O)N(C)C(N)=NC3(c3ccc(F)cc3F)C2)n1,True
695,O=c1nc(Nc2nc(C3=CCCCC3)nc3ccccc23)c2ccccc2[nH]1,True
697,CCNc1cc(C(=O)NC(Cc2ccccc2)C(N)CNC(=O)C2CCC(=O)N2)cc(C2=CCC2)c1,True
698,CC(=O)NC(Cc1cc(F)cc(F)c1)C(O)CNC1CCCc2ccc(Oc3cccnc3)cc21,True
699,CN1C(=O)C(c2ccc(OC(F)F)cc2)(c2cccc(OCC(F)F)c2)N=C1N,True
701,CS(=O)(=O)c1cccc(CNC(=O)c2ccc(Oc3ccccc3Cl)cc2)c1,True
702,Cc1cncc(-c2cccc(NC3CCNCC3)c2)c1,True
703,CC(C)(C)CNC(=O)c1cccnc1Oc1ccc(Nc2ccccn2)cc1,True
705,COC1CCC2(CC1)Cc1ccc(-c3cc(Cl)cc(Cl)c3)cc1C21COC(N)=N1,True
706,COc1ccc(C2(c3cccc(OCc4ccccc4)c3)CCC(N)CC2)cc1,True
707,COc1cc(Cl)cnc1C(=O)Nc1cc(F)c(C#N)c(Cl)c1,True
708,Cc1cccc2nc(SCC(=O)Nc3ccc(Cl)cc3Cl)cc(C)c12,True
709,COC1CCC2(CC1)Cc1ccccc1C(=O)N2C,True
713,c1ccc2oc(-c3ccc(OCCN4CCCCC4)cc3)cc2c1,True
714,CC1(c2cc(Br)cc(NC(=O)c3ccc(OC(F)(F)F)cc3)c2)CCSC(N)=NC1,False
715,Cc1ccc(-c2cc(F)ccc2-c2ccc(S(C)(=O)=O)cc2)cc1,True
716,O=C(NCc1ccc(Cl)c(C(=O)c2ccccc2)c1)c1cc(F)cc(F)c1,True
717,COc1nc(NC(C)(C)c2cc3cc[nH]c3cc2F)ccc1F,True
719,Cc1cc(CC(NC(=O)c2c(C)cccc2OCC(F)(F)F)C(=O)NC2CC2)ccc1F,True
724,N#Cc1ccc(CNC(=O)c2ccc(OCC(F)(F)F)nc2)cc1,True
728,COC1CCC2(CC1)Cc1ccc(-c3cc(Cl)cc(Cl)c3)cc1C21CC(=O)OC(C)(C)C1,True
732,O=S1(=O)CCCC2=C1C(c1ccc(Br)cc1)C(CCc1ccccc1)N2,True
735,CCc1ccc(-c2ccc(C3CC3c3cc(=O)n(C)c(N)n3)cc2)cc1,True
739,CN(CCCc1ccccc1)CCC(O)(c1ccccc1)c1ccccc1,True
740,NC1=NC2(CO1)c1cc(-c3cncnc3)ccc1Oc1c(Cl)cccc12,True
741,CCc1ccc2c(c1)C1(C2)N=C(N)N2C(CC)CCC21,True
744,O=C(NCc1ccc2c(c1)OCCC(NC(=O)OCCO)C2)Nc1cccc(F)c1,True
746,Fc1ccccc1-c1ccc2nccn2c1,True
747,O=C(O)Cc1ccc(F)cc1,True
749,CN1C(=O)C(c2ccc(OC(F)F)cc2)(c2ccc(F)c(-c3cncc(C(F)(F)F)c3)c2)N=C1N,True
751,N#Cc1ccc(Nc2ncc(F)c(Nc3cccc(N)n3)n2)cc1,True
753,N#Cc1cnc(C(=O)CC(c2ccccc2)c2ccccc2)c(-c2ccc(F)cc2)c1,True
759,CC(C)c1cccc(CNCC(O)C(Cc2ccccc2)NC(=O)C2CN(Cc3ccccc3)C(=O)N2)c1,True
761,CC1(c2cc(NC(=O)c3nncc(N)c3F)ccc2F)N=C(N)OCC1F,True
764,Cc1c(CCO)c(=O)n(C)c(=O)n1C,True
765,COc1cc2cnc(C(N)=O)c(Nc3ccc(C)cc3)c2cc1OC,True
766,CC(=O)Nc1ccc(S(=O)(=O)Nc2cc(F)ccc2F)cc1,True
767,Cc1cc(C)c(O)c(C(=O)Nc2ccc(S(=O)(=O)Nc3ncccn3)cc2)c1,True
769,CC1(c2cc(NC(=O)c3ccc(Cl)cn3)ccc2F)Cc2cccc(OC(F)(F)F)c2OC1(F)F,False
770,O=C(NCc1ccc(SC(F)(F)F)cc1)c1cnc2ccccn12,True
771,CC(=O)c1cc(C(=O)NC(C)c2ccccc2)cc(C(=O)NC(Cc2ccccc2)C(O)CNC2CC2)c1,True
772,CC1(c2cc(NC(=O)c3cnccn3)ccc2F)CSCC(F)(F)CN1,True
773,CC1(c2cc(NC(=O)c3ccc(Br)o3)ccc2F)N=C(N)OCC1F,True
774,CC1=NC2(N=C1N)c1cc(-c3cccc(C(F)(F)F)c3)ccc1CC21CCC(F)(F)CC1,True
775,CCCN(CCC)C(=O)c1cc(C)cc(C(=O)NC(Cc2cc(F)cc(Cl)c2)C(O)CNCc2cccc(OC)c2)c1,False
776,CCN(Cc1ccccc1)Cc1ccc(-n2ccc(NC(c3ccccc3)c3ccccc3)n2)cc1,True
777,COc1cc(O)c(Cc2csc(CC(C)(C)O)c2)cn1,True
778,CCCN(CCC)C(=O)c1cccc(CNCC(O)c2cccc(O)c2)c1,True
779,NC1=NC2CCCCC2=N1,True
780,O=C(Nc1ccc(-n2ccc(C(O)Cc3ccccc3)c2)cc1)c1ccc(F)cc1,True
781,CC1(c2cc(Br)cc(NC(=O)c3cnc(Cl)cn3)c2)CSCCS1,True
782,CC1(C)Cc2ccc(OCc3cc(F)cc(C#N)c3)cc2O1,True
785,NC1=CC(N)=NC(c2cc(NC(=O)c3ncc(C(F)(F)F)cc3Cl)ccc2F)C1,True
786,COc1cc(-c2ccc(F)cc2C)cc(C)c1-c1ccc(C(F)(F)F)cc1,True
787,O=C(Nc1ccccc1)c1ccc(-c2ccc(-c3ccco3)cc2)cc1,True
789,COc1ccc(C2(c3cccc(-c4cncnc4)c3)CCC(N)CC2)cc1,True
790,CC(=O)c1cccc(OCC(O)CNC2CCCC2)c1,True
791,Cc1cc(NC(=O)CSc2ccccn2)cc(C(=O)Nc2cccc(C(F)(F)F)c2)n1,True
792,N#Cc1ccc2[nH]c(-c3ccnc(NC4CCN(Cc5ccccc5)CC4)n3)cc2c1,True
793,CC(=O)Nc1cccc(-c2csc(N(C)C(=O)c3ccc(Cl)cc3)n2)c1,True
794,Fc1ccc2c(c1)CCCCN2Cc1c[nH]cn1,True
796,O=C(O)CC(NC(=O)c1cc2ccc(-c3ccccc3)cc2[nH]1)C(O)CCCO,True
798,COc1cc(CCc2cc(O)c(OC)cc2Br)cc(OC)c1,True
799,CCc1cc(NCc2cncc(C#N)c2)ccc1C(N)=O,True
800,O=C(c1cc(Br)c[nH]1)N(Cc1ccccc1)Cc1ccc(F)cc1,True
803,O=C(Nc1cc(Br)ccc1N1CCN(Cc2ccc(F)c(F)c2)CC1)c1cccc(OC(F)(F)F)c1,False
804,COc1ccc2c(c1)C1=C3N=Nc4ccc(N5CCC(F)CC5)cc4C=C3CCC(NC(=O)c3cccc(-c4ccccn4)c3)C12,False
805,COc1cnc(C(=O)Nc2ccc(Cl)c(C3(C)COC(C)(C(F)(F)F)C3)n2)cc1F,True
806,NC1=NC(c2cc(NC(=O)c3cnc(OCF)cn3)ncc2F)CC(C(F)(F)F)O1,True
809,CCSc1cc(C2CC2)n(-c2ccc(OC)cc2)c(=O)c1,True
811,O=C(Nc1ccc(F)cc1)c1cccc(N2CCc3nc(CSc4cccnc4)ncc3N2)c1,True
813,Cc1cc(Br)cnc1C(=O)Nc1ccc(F)c(C2(C)N=C(N)OC3CC32)c1,True
815,CN(Cc1ccccc1)CC(O)c1cccc(-c2ccc(F)c(F)c2)c1,True
816,COc1ccc(C=CC2=C(C)C(=CCCO)Nc3nc(C(F)(F)F)ccc32)cc1,True
817,CC1(c2cc(Oc3ccccc3F)ccn2)CCOC(CF)CO1,True
818,O=C(CCc1ccccc1)NC(Cc1ccccc1)C(=O)NC(CCc1ccccc1)C(=O)NC1c2ccccc2CC1O,True
819,Cn1cnc(CNC(=O)c2ccc(NC(=O)N3Cc4ccccc4Oc4ccccc43)cc2)c1,True
820,NC1=NC2(c3ccccc3F)COCCC2CS1,True
821,Cc1ccc(-c2cc(C)c(-c3ccc(C(N)=O)cc3)cc2O)cc1C,True
822,Oc1cccc(C2CCCc3cc(O)cc(O)c32)c1,True
829,CC1(c2cc(NC(=O)c3ccc(Cl)cn3)ccc2F)COCC(N)=N1,True
830,Cc1ccc(S(=O)(=O)Nc2ccc(Oc3ccc(C(=O)NC4CCOCC4)cc3)cc2)cc1,True
831,COc1ccc(C2CNC(=O)N2c2ccc(OCc3ccccn3)c(Cl)c2)cc1,True
832,Cc1cnc(C(=O)Nc2ccc(F)c(C3(C)N=C(N)OCC3F)c2)cn1,True
833,COc1cccc(-c2nc(SCC(=O)NCC(C)C)nc(N3CCCC3)n2)c1O,True
834,COc1ccc(N(C)c2ccc(-c3ccccc3)nc2)cc1OC,True
835,CC1CC1C(N)=O,True
836,COc1cccc(-c2cccc(C3(c4ccc(OC(F)F)cc4)N=C(N)N(C)C(=O)N3C)c2)c1,True
837,CC1(c2ccc(Br)cc2)CCSCCO1,True
838,Oc1cc(CSc2cccc(F)c2)nc2cccc(F)c12,True
840,O=C(Nc1cc(-c2ccccc2)ccc1Nc1ccccn1)c1cccc(F)c1,True
841,O=C(Nc1cnc(O)nc1O)c1cccc(-c2ccsc2)c1,True
844,O=C(NCc1ccccc1)c1ccc(F)c(-c2ccc(-c3ccccc3)cc2NC(=O)c2ccccc2)c1,False
845,CC(C)(C)c1cccc(CNC2CS(=O)(=O)CC(Cc3ccc(O)c(F)c3)O2)c1,True
846,CCc1cc(O)nc(N2CC3C(=O)N(C)C(N)=NC3(c3ccc(Cl)cc3F)C2)n1,True
848,COc1ccc(-c2oc3ccc(OC)cc3c(=O)c2C)cc1,True
849,CC1(c2cc(NC(=O)c3ncc(C#N)cc3CO)ccc2F)COC(C)(C(F)(F)F)C(N)=N1,True
851,CC1=CC(C)(C)Nc2ccc(-c3cncs3)cc21,True
855,COC1CCC2(CC1)Cc1ccc(-c3cncc(Cl)c3)cc1C21N=C(C)C(N)=N1,True
856,CN1C(=O)C2(N=C1N)c1cc(-c3cncc(OC(F)F)c3)ccc1Oc1ccc(N3CCCCC3)cc12,True
857,CC1(C)N=C(c2cc(Cl)cc(Cl)c2)N=C1N,True
858,c1cncc(-c2ccc(NCCN3CCCCC3)cc2)c1,True
859,CC1(C)C=C(NC(Cc2ccccc2)CN2CCNCC2)c2ccccc2C1,True
860,COc1ccc(S(=O)(=O)Nc2cccc(-c3cccc(CN(C)C)c3)c2)cc1,True
862,CCC(C)C1(NC(C)=O)CCN1C,True
863,Oc1ccc(CCc2ccccc2)c(O)c1,True
865,CC1(c2cc(NC(=O)c3cnc(C(F)F)cn3)ccc2F)CNc2cc(C(F)(F)F)ccc2C1,True
866,OC1(c2ccccc2)CCN(CCCc2c[nH]c3ccc(-n4cnnc4)cc23)CC1,True
867,CC(C)Sc1ccccc1-c1cc2c(NC(C)c3ccccc3)nc(N3CCCCC3)nc2[nH]1,True
869,CCCc1cc(NC(=O)c2ccc3c(c2)CCCN3)on1,True
871,NCc1cc(Cl)cc(CNc2cc(-c3cccc(Cl)c3)cc(C(F)(F)F)c2)c1,True
872,CC(=O)NC(Cc1cc(F)cc(F)c1)C(O)CNC1CCOc2ccc(Oc3ccccn3)cc21,True
874,CN(CCN1CCCCC1)Cc1ccc2c(c1)CN(C(=O)c1ccc(F)cc1)CCO2,True
875,CCc1ccc(C(=O)Nc2ccc(F)c(C3(C(F)F)COCC(N)=N3)c2)c(F)c1,True
877,Cc1cc(OCc2coc(-c3cccc(F)c3)n2)ccn1,True
878,O=S(=O)(c1ccccc1)N(Cc1ccc(OC(F)(F)F)cc1)Cc1cccc(O)c1,True
879,O=C(Nc1ccccc1)N1CCc2c(-c3cccc(OC(F)(F)F)c3)cc(O)cc2C1c1ccccc1,False
880,COc1cncc(-c2ccc(C(=O)Nc3ccc(Cl)c(Cl)c3)cc2)c1,True
881,Nc1ncnc(N2CCN(C(CO)c3ccco3)CC2)c1-c1ccc(F)cc1,True
882,CC1=NC2(CCOc3ccc(NC(=O)c4ccc(F)cn4)cc32)N=C1N,True
883,Cc1coc(C2CCSCC2)c1,True
884,CCN(CC)C(=O)CC(c1ccc(C)cc1)n1c(=O)cc(C)n(Cc2ccccc2)c1=O,True
885,O=C(Nc1ccccc1)Nc1ccc(-c2ccc(CSc3ncccn3)c(F)c2)cc1,True
889,CC1C=CC(=O)C=CC1c1ccccc1,True
890,CC(C)n1cc(C(=O)NCc2ccc(F)c(C(F)(F)F)c2F)c2c(O)cccc21,True
892,CC(NC(=O)c1cc(F)c(NS(C)(=O)=O)c(F)c1)c1ccccc1,True
893,NC1=NC(c2cc(NC(=O)c3cnc(OCCF)cn3)ccc2F)(C(F)F)COC1,True
896,CCOc1cc(-c2cccc(OC)c2)c(OC)c(-c2ccc(F)c(CC(C)C)c2)c1,True
897,COCc1cc(C#N)cnc1C(=O)Nc1ccc(Cl)cn1,True
901,COc1cnc(-c2cccc(C3CC3c3cc(F)cc(F)c3)c2)cn1,True
902,CCC(NCC1Cc2ccccc2N(c2cccc(F)c2)C1=O)c1ccc(C(=O)OC)cc1,True
903,Cn1c2ccccc2c2c3c(c4c5ccccc5[nH]c4c21)C(=O)NC3,True
905,O=C(Nc1cc(Br)ccc1N1CCNCC1)C1CC1,True
906,COc1ccc(-c2noc(N)c2-c2ccc(OC)cc2OC)cc1,True
908,Cc1cc(Cl)cnc1C(=O)Nc1ccc(F)c(C2(C)COC(C)(C(F)(F)F)C(N)=N2)c1,True
909,O=C(Oc1ccccc1)N1CCN(Cc2c(C3CC3)ncc(C(F)(F)F)c2-c2cccc(Br)c2)CC1,False
910,COc1ccc(S(=O)(=O)N(Cc2cccnc2)CC2CCC(C(=O)NCCN3CCOCC3)CC2)cc1,True
911,CC1(C)Oc2c(cccc2OC(F)(F)F)CC1(C)c1cc(NC(=O)c2ccc(F)cn2)ccc1F,True
912,COc1cc(C#N)cc(-c2cc3c(cc2F)-c2nc-3c(C(=O)Nc3cc(Cl)ccc3OC(F)F)cc2C)c1,False
913,CS(=O)(=O)c1cccc(Nc2nccc(Nc3ccccc3Cl)n2)c1,True
914,CCCCN(CCCC)C(=O)c1cc(C)cc(C)c1,True
915,COc1ccc(C(=O)Nc2ccc(F)c(C3(C)N=C(N)COCC3(F)F)c2)nc1,True
916,Cc1cc(C#N)cnc1C(CC(C)C)N1CCC(NCc2ccccn2)CC1,True
917,CC1(C)N=C(N)SCCC1(C)c1cc(Nc2ncccc2F)ccc1F,True
918,CN1CC2(CCOCC2)C(C)(c2cc(-c3cncc(F)c3)cs2)N=C1N,True
919,COc1ccc(-c2ccccc2)c(CNCc2ccc(Cl)cc2)c1,True
920,COCc1cccc(-c2ccc(C3CC(=O)N(C)C(N)=N3)c(F)c2)c1,True
921,Oc1cc(O)nc(Cc2ccccc2)n1,True
922,O=C(CSc1nc(SCc2cccc(F)c2F)n[nH]1)NCc1ccccc1,True
923,CCCN(CCC)C(=O)c1cc(-c2cc(C)cc(F)c2)ccc1OC,True
925,CN(C)c1cccc(CNCC(O)C(Cc2ccccc2)NC(=O)C2CCCCCC2)c1,True
926,CC1(c2cccc(NC(=O)c3ccc(Cl)cn3)c2)COCC(N)=N1,True
928,O=C(c1ccc(C2CC2)cc1)c1cnc2ccc(Nc3ccccn3)cc2c1,True
930,O=C(Cc1ccccc1)Nc1cc(Nc2ccc3c(c2)CCc2ccccc2C3=O)ccc1F,True
931,COc1ccc(OC)c(CNCC(O)C(Cc2ccccc2)NC(=O)OCc2ccccc2)c1,True
932,COc1cncc(-c2cccc(C3CC3c3ccc(F)c(C)c3)c2)c1,True
935,CC1(c2cc(NC(=O)c3ncccc3OC3CCC3)ccc2F)OCCO1,True
936,Cc1cc(C#N)cnc1C(C)c1cccc(CC(C)NCC(O)c2cccc(Br)c2)c1,True
937,CC1=NC(c2cc(-c3cc(C)cs3)[nH]c2N)C(C2CCOCC2)C(O)C1,True
940,Cc1cc(-c2cccnc2C#N)nc(C2CC2)c1,True
941,O=C(Nc1ccc(C(=O)N2Cc3ccccc3C2)cc1)c1ccccc1,True
944,Cc1cc(Br)ccc1NC(=O)CN1C(=O)COc2ccccc21,True
946,N#Cc1ccc(Cn2c(CCC(=O)NCc3cccc(OC(F)F)c3)nc3ccccc32)cc1,True
948,CCc1ccc2c(c1)C(NCC(O)C1CCCOc3cccc(c3)C1)NC2,True
951,O=C1OCCCN1C(c1ccccc1)C1CCCCC1,True
952,Nc1nc(O)c2oc(-c3cccc(C(=O)O)c3)cc2n1,True
953,CN(c1cc(C(=O)NC(Cc2ccccc2)C(O)CNC2CC2)cc(N2CCCC2)c1)C1CCOCC1,True
954,CCOc1ccc(OC)cc1-c1cc(C(=O)Nc2ccc(OC)cc2)c(N2CCCC2)cn1,True
955,O=S(=O)(Cc1cc(F)cc(N2CCNCC2)c1)C(O)CNCc1cccc(OCCF)c1,True
956,COCC(Nc1nc(Nc2cccc(NC(C)=O)c2)ncc1F)C(F)(F)F,True
957,CC(=O)NC(Cc1ccccc1)C(O)CNC1CC2(CCC2)Oc2ccc(CC(C)(C)c3ccccc3)cc21,False
960,CCCc1cc(CN(C)C(C)C(=O)Nc2cccc(C#N)c2)ccc1OC,True
961,O=C(Nc1cc(-c2ccccc2)cc(C(F)(F)F)n1)c1ccc(-c2cncc(C(F)F)c2)cc1,True
962,CC1(c2cc(NC(=O)c3coc(C(F)(F)F)n3)ccc2F)N=C(N)OCC1F,True
963,CCOc1cc(C#N)cc(-c2ccc3c(c2)C2(COC(N)=N2)C2(CCC(OC)CC2)O3)c1,True
964,CC(NC(=O)C(NC(=O)OC(C)(C)C)C(C)(C)C)C(=O)Nc1ccccc1,True
966,COCC(N)C(Cc1ccccc1)N(C)C(=O)c1ccc(C(=O)N(CCC(C)C)C2CC2)nc1,True
971,COc1cc(NC(=O)Nc2ccc(Cl)cc2)cc(C(=O)NCCC(C)C)c1,True
974,CC(C)CS(=O)(=O)N(C)c1cc(C(=O)NC(Cc2ccccc2)C(O)CNC2CC2)cc(C(=O)c2ccccc2)c1,True
975,Cc1nc(OCC(F)(F)F)ccc1-n1cc(CC(=O)O)c2ccc(C(F)(F)F)cc21,True
976,CC1(c2cc(NC(=O)c3ccc(Cl)cn3)ccc2F)COC(N)=N1,True
977,COc1ccc(Cl)cc1C(=O)Nc1ccc(F)c(C2(C(F)F)COCC(N)=N2)c1,True
978,CC1(c2cc(NC(=O)c3cnc(OCCF)cn3)ccc2F)Cc2cccc(C(=O)O)c2C1(F)F,True
981,COc1cnc(C(=O)Nc2ccc(Cl)c(C3(C)CCSC(N)=N3)c2)cc1F,True
983,NC1=NC(c2cc(NC(=O)c3cnc(Cl)cn3)ccc2F)(C(F)F)CO1,True
984,NC1=NC(c2cc(-c3cccnc3)ccc2F)(C(F)F)C(F)(F)CC1,True
985,CC(Cc1cccc(F)c1)NC(=O)c1cc(NC(=O)c2ccccc2)cc(-c2ccc(=O)n(C)c2)c1,True
986,O=C(c1cc(-c2ccco2)ccn1)N1CCC(c2cccc(F)c2)CC1,True
987,CC(=O)Nc1ccc(C(=O)Nc2ccc(Cl)c(C3(C(F)F)N=C(N)OC4CC4(C)OC(N)=N3)c2)cc1Cl,True
988,COc1ccc2c(c1)CCC2(c1ccccc1)c1cccc(OCc2ccc(F)cc2F)c1,True
989,NC1=NC(c2cc(NC(=O)c3nn(C(F)F)cc3Cl)ccc2F)N=C(N)O1,True
990,NCC1CCC(C(=O)NC(Cc2ccccc2)C(O)CNCc2cccc(OC(F)(F)F)c2)OC1,True
991,COc1cnc(C(=O)Nc2ccc(F)c(C3(C)COC(C)(C(F)(F)F)C(N)=N3)c2)c(F)c1,True
992,Cc1nc(CN(CCc2ccccc2)C(=O)CCC(C)C(=O)Nc2ccc(F)c(Cl)c2)cs1,True
996,COC(=O)CC1CC(O)c2cc(NC(=O)c3ccc(-c4cccs4)cc3)ccc2O1,True
999,C1=CC2=c3cc(OCC4CCCCC4)ccc3=CC(=N1)C(CCc1ccccc1)N2,True
