,SMILES,predicted_pIC50,ro5_fulfilled
0,COc1ccc(C(=O)Nc2ccc(F)c(C3(C)CS(=O)(=O)C(C)(C)C(N)=N3)c2)nc1,11.415210260552769,True
1,COc1cnc(C(=O)Nc2ccc(F)c(C3(C)CS(=O)(=O)C(C)(C)C(N)=N3)c2)c(F)c1,11.045445271914307,True
2,CCCc1cnc(C(=O)Nc2ccc(F)c(C3(C)CS(=O)(=O)C(C)(C)C(N)=N3)c2)c(F)c1,10.924327245210147,True
3,COc1ccc(C(=O)Nc2ccc(F)c(C3(C)CS(=O)(=O)C(CCC(C)(C)C)C(N)=N3)c2)nc1,10.215982407003162,True
4,CN1C(N)=NC(C)(c2cc(NC(=O)c3ccc(C#N)cn3)ccc2F)CS1(C)C,9.282065648844544,True
5,COc1cnc(C(=O)Nc2ccc(F)c(C3(C)CS(=O)(=O)N(C)C(N)=N3)c2)c(F)c1,9.120866559887798,True
6,CC1(c2cc(NC(=O)c3nncc(N)c3F)ccc2F)N=C(N)OCC1F,8.72762534784988,True
7,Cc1cnc(C(=O)Nc2ccc(F)c(C3(C)N=C(N)OCC3F)c2)cn1,8.172052651250599,True
8,COC1CCC2(CC1)Cc1ccc(-c3cncc(Cl)c3)cc1C21N=C(C)C(N)=N1,8.144144441908288,True
9,COC1CCC2(CC1)Cc1ccc(-c3cc(Cl)cc(Cl)c3)cc1C21COC(N)=N1,8.140573770837001,True
10,CC(=O)NC(Cc1cc(F)cc(F)c1)C(O)CNC1CC(C)(C)Oc2ccc(CC(C)(C)C)cc21,7.998123960610263,True
11,COc1ccc(C2(c3cccc(-c4cncnc4)c3)N=C(N)c3c(F)cccc32)cc1,7.926570396338397,True
12,Cc1cc(Cl)cnc1C(=O)Nc1ccc(F)c(C2(C)COC(C)(C(F)(F)F)C(N)=N2)c1,7.89761394480023,True
13,CCC(O)C(CC)NC(CC(C)C)C(=O)NC(Cc1cc(F)cc(F)c1)C(O)CNCc1cccc(CCO)c1,7.877852317492052,False
14,Cc1cc(C2(c3cccc(-c4cncnc4)c3)N=C(N)c3c(F)cccc32)ccn1,7.79156357892954,True
15,CCCN(CCC)C(=O)c1cc(C)cc(C(=O)NC(Cc2cc(F)cc(F)c2)C(O)CNCc2cccc(OC)c2)c1,7.734107218204052,False
16,CC1(c2cc(NC(=O)c3ncc(C#N)cc3CO)ccc2F)COC(C)(C(F)(F)F)C(N)=N1,7.72672531080941,True
17,Cc1cc(C2(c3cccc(-c4cncnc4)c3)N=C(N)c3c(F)cccc32)c(F)cc1F,7.725803859855838,True
18,NC1=NC2(c3cc(NC(=O)c4ccc(Cl)cn4)ccc3F)OCC2CS1,7.715566702717593,True
19,Cc1cc(C2(c3cccc(-c4cncnc4)c3)N=C(N)c3c(F)cccc32)nc2c1COC(C)(C)C2,7.713095980287408,True
20,COc1nc(N2CC3C(=O)N(C)C(N)=NC3(c3ccc(F)cc3F)C2)nc(C)c1F,7.67689800327243,True
21,Cc1ccccc1-c1ccc2nc(N)c(CC(C)C(=O)NCCC(C)(C)C)cc2c1,7.676567220586833,True
22,NC1=NC(c2cc(NC(=O)c3ncc(Cl)cc3O)ccc2F)(C(F)F)COC1,7.6623252587891235,True
23,CC1(c2cc(NC(=O)c3ncc(F)cn3)ccc2F)Cc2ccccc2C(N)=N1,7.639365267805498,True
24,COc1cnc(C(=O)Nc2ccc(F)c(C3(C)COC(C)(C(F)(F)F)C(N)=N3)c2)c(F)c1,7.634557946477311,True
25,CC1(c2cc(NC(=O)c3ccc(Cl)cn3)ccc2F)COC(N)=N1,7.630073126011364,True
26,NC1=NC2(CO1)c1cc(-c3cncnc3)ccc1Oc1c(Cl)cccc12,7.61432852108259,True
27,COc1ccc(C(=O)Nc2ccc(F)c(C3(C)CS(=O)(=O)N(C)C(N)=N3)c2)c(OC)c1,7.606184800720138,True
28,CCNc1cc(C(=O)NC(Cc2ccccc2)C(O)CNCc2cccc(OC)c2)cc(N(C)S(=O)(=O)C(C)C)c1,7.603012792231928,True
29,NC1=NC(c2cc(NC(=O)c3ncc(Cl)cc3Cl)ccc2F)(C(F)F)COC1,7.594205599103635,True
30,NC1=NC2(c3cc(NC(=O)c4ccc(Cl)cn4)ccc3F)OCCC2CS1,7.572977084014261,True
31,CN1C(=O)C(c2ccc(OC(F)F)cc2)(c2cccc(OCC(F)F)c2)N=C1N,7.552329101001854,True
32,NC1=NC(c2cc(NC(=O)c3ncc(Cl)cc3Cl)ccc2F)(C(F)F)OCC1,7.51507942262862,True
33,NC1=NC(c2cc(NC(=O)c3ccc(Cl)cn3)ccc2F)(C(F)F)COC1,7.509368458008782,True
34,CC(C)(C)COc1ccc2c(c1)C1(COC(N)=N1)c1cc(Br)cc(F)c1O2,7.502809986161411,True
35,CCCN(CCC)C(=O)c1cc(C)cc(C(=O)NC(Cc2cc(F)cc(Cl)c2)C(O)CNCc2cccc(OC)c2)c1,7.501419690129268,False
36,COC1CCC2(CC1)Cc1ccc(-c3cncc(C)n3)cc1C21N=C(C)C(N)=N1,7.49995761610305,True
37,COc1ccc(C(=O)Nc2cc(F)c(F)c(C3(C)CS(=O)(=O)N(C)C(N)=N3)c2)nc1,7.485074748740324,True
38,CC(=O)c1cc(C(=O)NC(Cc2ccccc2)C(O)CNCc2cccc(C(F)(F)F)c2)cc(N2CCCCC2)c1,7.480716718430748,False
39,COc1cc(C#N)cc(-c2ccc3c(c2)C2(N=C(C)C(N)=N2)C2(CCC(OC)CC2)C3)c1,7.477332975823507,True
40,CC1(c2cc(NC(=O)c3ccc(Cl)cn3)ccc2F)CCC1,7.47684474089161,True
41,COc1cnc(C(=O)Nc2ccc(F)c(C3(C)CC(C(F)(F)F)OC(N)=N3)c2)c(F)c1,7.418522847913347,True
42,COc1ccc(C(=O)Nc2ccc(F)c(C3(C)N=C(N)COCC3(F)F)c2)nc1,7.412032579550854,True
43,COc1cnc(C(=O)Nc2cc(F)c(F)c(C3(C)CC(C(F)(F)F)OC(N)=N3)c2)c(F)c1,7.396163417423865,True
44,NC1=NC(c2cc(NC(=O)c3cnc(Cl)cn3)ccc2F)(C(F)F)CO1,7.384004593621148,True
45,N#Cc1cnc(C(=O)Nc2ccc(F)c(C3(C(F)F)COCC(N)=N3)c2)c(F)c1,7.357084705549156,True
46,NC1=NC(c2cc(NC(=O)c3cnc(OCF)cn3)ccc2F)(C(F)F)COC1,7.351862931647162,True
47,CN1C(=O)C(c2cccc(OCF)c2)(c2ccc(OCCO)c(Cl)c2)N=C1N,7.348963732088323,True
48,COc1cnc(C(=O)Nc2cc(F)c(F)c(C3(C)CCSC(N)=N3)c2)c(F)c1,7.33746918309241,True
49,CN1C(=O)C2(CC(C)(C)Oc3ccc(-c4cccc(Cl)c4)cc32)N=C1N,7.333973798232355,True
50,CC1(c2cc(NC(=O)c3ccc(Cl)cn3)ccc2F)Cc2ccccc2C(N)=N1,7.331203191673677,True
51,CN1C(=O)C(c2ccc(OC(F)F)cc2)(c2ccc(F)c(Cl)c2)N=C1N,7.304625136354146,True
52,CC1(c2cc(NC(=O)c3ccc(Cl)cn3)ccc2F)Cc2cccc(OC(F)(F)F)c2OC1(F)F,7.303902546321011,False
53,CCCN(CCC)C(=O)c1cc(C(C)=O)cc(C(=O)NC(Cc2cc(F)cc(F)c2)C(O)CNCc2ccccc2)c1,7.303033995786092,True
54,NC1=NC(c2cc(NC(=O)c3cnc(Cl)cn3)ccc2F)(C(F)F)COC1,7.302746075511939,True
55,NC1=NC(CF)(c2cc(NC(=O)c3ccc(F)cn3)ccc2F)COC1,7.298786838601932,True
56,CN1C(=O)C(c2ccc(OC(F)F)cc2)(c2ccc(F)c(-c3cncc(C(F)(F)F)c3)c2)N=C1N,7.295999530364765,True
57,CCc1nc(N2CC3C(=O)N(C)C(N)=NC3(c3ccc(F)cc3Cl)C2)nc(C)c1F,7.291900061820504,True
58,NC1=NC(c2cc(NC(=O)c3cnc(OCF)cn3)ccc2F)C2(CCO2)C1,7.282577529419111,True
59,CN1C(=O)C(c2ccc(OC(F)F)cc2)(c2ccc(F)c(-c3cccc(Cl)c3)c2)N=C1N,7.278024573821645,True
60,NC1=NC(c2cc(NC(=O)c3cnc(OCc4cocn4)cn3)ccc2F)(C(F)F)COC1,7.277020111504609,True
61,COc1ccc(N2CC3C(=O)N(C)C(N)=NC3(c3ccc(F)cc3F)C2)nc1,7.2590306954787245,True
62,CC1(c2cc(NC(=O)c3coc(C(F)(F)F)n3)ccc2F)N=C(N)OCC1F,7.255241046530087,True
63,CC1(c2cc(NC(=O)c3coc(C(F)F)n3)ccc2F)N=C(N)OCC1(F)F,7.252420500307446,True
64,CC1(c2cc(NC(=O)c3ccc(Cl)cn3)ccc2F)COCC(N)=N1,7.243375367958376,True
65,NC1=NC(CF)(c2cc(Nc3nccc4cc(Cl)cnc34)ccc2F)OC1,7.222954585955128,True
66,CN1C(=O)C(c2cccc(-c3cncc(Cl)c3)c2)(C2CC2)N=C1N,7.2096558592295015,True
67,NC1=NC(CF)(c2cc(NC(=O)c3cnc(OCc4ccccn4)cn3)ccc2F)COC1,7.205057682459151,True
68,CC1(c2cc(NC(=O)c3ccc(F)cn3)ccc2F)Cc2cccc(F)c2N1,7.198343901219738,True
69,CCc1cc(O)nc(N2CC3C(=O)N(C)C(N)=NC3(c3ccc(F)cc3F)C2)n1,7.1943859163841,True
70,CC1(c2cc(NC(=O)c3ccc(OCC4CC4)cc3)ccc2F)CCSC(N)=N1,7.182865328908823,True
71,CN1C(=O)C2(N=C1N)c1cc(-c3cncc(OC(F)F)c3)ccc1Oc1ccc(N3CCCCC3)cc12,7.17979510496177,True
72,Cc1cc(C2(c3cccc(-c4cncnc4)c3)N=C(N)c3ncccc32)cc2ccc(O)cc12,7.166998644166792,True
73,CC1=NC2(N=C1N)c1cc(-c3cccc(C(F)(F)F)c3)ccc1CC21CCC(F)(F)CC1,7.160327931832422,True
74,CC1(c2cc(NC(=O)c3cnc(OCCF)cn3)ccc2F)Cc2cccc(C(=O)O)c2C1(F)F,7.15283546762107,True
75,COc1nc(N2CC3C(=O)N(C)C(N)=NC3(c3ccc(Cl)cc3F)C2)ccc1F,7.145843776589722,True
76,CCc1cc(O)nc(N2CC3C(=O)N(C)C(N)=NC3(c3ccc(Cl)cc3F)C2)n1,7.131573913820486,True
77,COc1cnc(C(=O)Nc2ccc(Cl)c(C3(C(F)F)N=C(N)OC4CC43)c2)c(F)c1,7.122058357475943,True
78,CN1C(=O)C(c2cccc(-c3cncnc3)c2)(C2CC2)N=C1N,7.120533296682037,True
79,COc1cnc(C(=O)Nc2ccc(F)c(C3(C(F)F)COCC(N)=N3)c2)c(F)c1,7.112287408586005,True
80,CN1C(=O)C(c2ccc(OC(F)F)cc2)(c2ccc(F)c(-c3cncnc3)c2)N=C1N,7.108381856305409,True
81,CN1C(=O)C(c2ccc(OC(F)F)cc2)(c2ccc(F)c(-c3cccnc3)c2)N=C1N,7.106807018992965,True
82,COc1nc(N2CC3C(=O)N(C)C(N)=NC3(c3ccccc3F)CO2)ncc1F,7.105433025321695,True
83,NC1=NC(c2cc(NC(=O)c3cnc(OCC(F)F)cn3)ccc2F)(C(F)F)COC1,7.105301160284705,True
84,COCc1cc(C(=O)NC(Cc2cc(F)cc(F)c2)C(O)CNCc2cccc(OC)c2)cc(N(C)S(C)(=O)=O)c1,7.091781623998688,True
85,NC1=NC(c2cc(NC(=O)c3ncc(F)cc3F)ccc2F)(C(F)F)COC1,7.082644016969219,True
86,CN1C(=O)C(c2ccc(OC(F)F)cc2)(c2cccc(F)c2)N=C1N,7.080531338352845,True
87,CC(C)c1ccc(C(=O)Nc2ccc(F)c(C3(CF)CC(N)=NCCC3(F)F)c2)nc1,7.069517279272002,True
88,CSc1cc(C(=O)Nc2ccc(F)c(C3(C)C=C(CO)C(N)=N3)c2)ncc1F,7.067557702121165,True
89,NC1=NC(CF)(c2cc(NC(=O)c3ccc(OCC(F)(F)F)nc3)ccc2F)CO1,7.063643063022531,True
90,COc1cnc(C(=O)Nc2ccc(F)c(C3(CF)N=C(N)OC4CC43)c2)c(C)c1,7.057190960198591,True
91,COc1cnc(C(=O)Nc2ccc(F)c(C3(C)C=C(F)C(N)CCS3(=O)=O)c2)nc1,7.054429006811274,True
92,Cc1cc(Br)cnc1C(=O)Nc1ccc(F)c(C2(C)N=C(N)OC3CC32)c1,7.052847042493321,True
93,CC1(c2cc(NC(=O)c3cnccn3)ccc2F)CSCC(F)(F)CN1,7.0478750188122605,True
94,COc1cnc(C(=O)Nc2ccc(Cl)c(C3(C(F)F)N=C(N)OC4CC43)c2)nc1,7.043914547068295,True
95,CC1(C)Oc2c(cccc2OC(F)(F)F)CC1(C)c1cc(NC(=O)c2ccc(F)cn2)ccc1F,7.039008564513971,True
96,COC1CCC2(CC1)Cc1ccc(-c3cc(Cl)cc(Cl)c3)cc1C21CC(=O)OC(C)(C)C1,7.0278432990772215,True
97,NC1=NC2(c3cc(NC(=O)c4ccc(F)cn4)ccc3F)OCCC2CS1,7.024732822742094,True
98,CC(=O)NC(Cc1cc(F)cc(F)c1)C(O)CNC1CC(C)(C)Oc2ccc(OC(F)(F)F)cc21,7.009300153101906,True
99,NC1=NC(c2cc(NC(=O)c3cnc(OCCF)cn3)ccc2F)(C(F)F)COC1,6.987482806220452,True
100,CC(=O)NC(Cc1ccccc1)C(O)CNC1CC2(CCC2)Oc2ccc(CC(C)(C)c3ccccc3)cc21,6.973499525128797,False
101,COc1cc(-c2ccc3c(c2)C2(N=C(C)C(N)=N2)C2(CCC2)C(=O)N3c2cccc(Cl)c2F)ccc1F,6.961415427490566,False
102,COc1cnc(C(=O)Nc2ccc(F)c(C3(CF)N=C(N)OC4CC43)c2)c(OC)c1,6.9546975109970735,True
103,COc1cnc(C(=O)Nc2ccc(Cl)c(C3(C)CCSC(N)=N3)c2)cc1F,6.948120016049973,True
104,CC1(c2cccc(NC(=O)c3ccc(Cl)cn3)c2)COCC(N)=N1,6.939814916190652,True
105,COc1ccc(C(=O)Nc2ccc(F)c(C3(C)N=C(N)COCC3(F)F)c2)cn1,6.937292373873426,True
106,CC1(C)SCC(C)(c2cccc(NC(=O)c3ccc(Br)cn3)c2)N=C1N,6.933908320873212,True
107,COc1cnc(C(=O)Nc2ccc(Cl)c(C3(C(F)F)N=C(N)OC4CC43)c2)cn1,6.927590942247341,True
108,CC1(c2cc(NC(=O)c3cnc(C(F)F)cn3)ccc2F)CNc2cc(C(F)(F)F)ccc2C1,6.891974854971112,True
109,CC1(c2cc(NC(=O)c3ccc(Br)o3)ccc2F)N=C(N)OCC1F,6.88833740781335,True
110,Cc1cc(OC(F)F)cnc1C(=O)Nc1ccc(F)c(C2(C)N=C(N)OC3CC32)c1,6.876694453151955,True
111,NC1=CC(N)=NC(c2cc(NC(=O)c3ncc(C(F)(F)F)cc3Cl)ccc2F)C1,6.875471156566782,True
112,CN1Cc2ccccc2NC(=O)C(C)(c2cc(NC(=O)c3coc(C(F)F)n3)ccc2F)Cc2ccccc2N(C)C1=O,6.868957909583635,False
113,CC(C)CS(=O)(=O)N(C)c1cc(C(=O)NC(Cc2ccccc2)C(O)CNC2CC2)cc(C(=O)c2ccccc2)c1,6.866008294315004,True
114,NC1=NC(CF)(c2cccc(NC(=O)c3ccc(Cl)cn3)c2)COC1,6.858680427555993,True
115,NC1=NC(c2cc(NC(=O)c3cnc(OCF)cn3)ncc2F)CC(C(F)(F)F)O1,6.85228878543655,True
116,COc1cc(Br)cnc1C(=O)Nc1ccc(F)c(C2(C(F)F)COCC(N)=N2)c1,6.8472874853351495,True
117,CC1(c2cc(NC(=O)c3ccco3)ccc2F)N=C(N)OCC1F,6.846884455886438,True
118,Cc1ccc(C(=O)Nc2ccc(F)c(C3(C)CCSC(N)=N3)c2)c(F)c1,6.828361510369575,True
119,NC1=NC(c2cc(NC(=O)c3nn(C(F)F)cc3Cl)ccc2F)N=C(N)O1,6.821562808778108,True
120,CN1C(N)=NC(C)(c2cc(-c3ccncn3)ccc2F)CS1(C)C,6.821442640569626,True
121,CC(=O)Nc1ccc(C(=O)Nc2ccc(Cl)c(C3(C(F)F)N=C(N)OC4CC4(C)OC(N)=N3)c2)cc1Cl,6.799365874285053,True
122,Cc1cncc(-c2cc(C3(C)CC(=O)N(C)C(N)=N3)n(CC(C)(C)C)c2)c1,6.791642577517803,True
123,CCc1ccc(C(=O)Nc2ccc(F)c(C3(C(F)F)COCC(N)=N3)c2)cn1,6.7909463817820495,True
124,COc1cc(Br)cnc1C(=O)Nc1ccc(F)c(C2(C)N=C(N)OC3CC32)c1,6.781377605952705,True
125,Cc1csc(C(=O)Nc2ccc(F)c(C3(C)COC(O)C(N)=N3)c2)n1,6.752093888262043,True
126,COCC(Oc1cc(F)cc(CC2CS(=O)(=O)CC(NCc3cccc(C(C)(C)C)c3)C2O)c1)c1ccccc1,6.742190056443336,True
127,COc1cccc(CNCC(O)C(Cc2ccccc2)NC(=O)c2cc(OC)cc(N3CCCCC3)c2)c1,6.734420336374005,True
128,COCC(Oc1cc(F)cc(CC2CS(=O)(=O)CC(NCc3cccc(C(C)(C)C)c3)C2O)c1)C(F)F,6.733530346966687,True
129,COc1cnc2cc(C(=O)Nc3ccc(F)c(C4(C)COCC(N)=N4)c3)ccc2c1,6.73091047766539,True
130,COCC(Oc1cc(F)cc(CC2CS(=O)(=O)CC(NCc3cccc(C(C)(C)C)c3)C2O)c1)C(=O)O,6.712383535845814,True
131,COc1cc(F)ccc1-c1ccc2c(c1)C(OC(C)c1cc(Cl)cc(Cl)c1)NCCc1cccc(c1)OCCCCN2,6.706067551723674,False
132,CC1(c2cc(NC(=O)c3coc(C(F)(F)F)n3)ccc2F)COC(C)(C(F)(F)F)C(N)C1N,6.691120195047237,True
133,CCNc1cc(C(=O)NC(Cc2ccccc2)C(N)CNC(=O)C2CCC(=O)N2)cc(C2=CCC2)c1,6.690790014761235,True
134,NC1=NC(c2cc(NC(=O)c3cnc(OCC(F)F)cn3)ccc2F)C2C1CC(N)C2CO,6.675183120980842,True
135,COc1cnc(C(=O)Nc2ccc(F)c(C3(C)N=C(N)OC4CC43)c2)cn1,6.6745524624749075,True
136,Cc1coc(C(=O)Nc2ccc(F)c(C3(C(F)F)COCC(N)=N3)c2)c1,6.668502240073541,True
137,CCOc1ncccc1C(=O)Nc1ccc(F)c(C2(C(F)F)COCC(N)=N2)c1,6.662039204509443,True
138,CC1(c2cc(-c3cncc(Cl)c3)ccc2F)N=C(N)OCC1(F)F,6.659543966882782,True
139,CCCCN(CCCC)C(=O)c1cc(C(=O)NC(Cc2ccccc2)C(O)CNCc2ccccc2)cc(C(C)OC)c1,6.635442898978051,False
140,CC1(c2cc(NC(=O)c3ncccc3OC3CCC3)ccc2F)OCCO1,6.629417230140684,True
141,NC1=NC(c2cc(NC(=O)c3ncc(Cl)cc3Cl)ccc2F)C2CC2O1,6.617338472373031,True
142,CCNc1cc(C(=O)NC(Cc2ccccc2)C(O)CNCc2ccc3cc[nH]c3c2)cc2c1CCN2,6.616943373521081,True
143,CCOc1cccc(CN2CCC3(CC2)C(=O)NC(CC(C)C)C(=O)N3CC(C)C)c1,6.606091466131403,True
144,Cn1cc(C2(C(=O)Nc3cc(C(=O)O)cc(C(C)(C)C)c3)N=C(N)C2(C)CO)cn1,6.603548678528958,True
145,CC(C)(C)c1cccc(CNC2CS(=O)(=O)CC(Cc3ccc(O)c(F)c3)O2)c1,6.602421696247582,True
146,CCCc1ccc(-c2ccc(F)c(C3(c4ccnc(N)c4)N=C(N)c4c(F)cc(F)cc43)c2)cc1,6.6009054214132235,True
147,CC1(c2cc(NC(=O)c3ccc(Cl)c(C#N)c3)ccc2F)CS(N)(=O)=N1,6.593082185779782,True
148,CC(=O)NC(Cc1cc(F)cc(F)c1)C(O)CNC1CCCc2ccc(Oc3cccnc3)cc21,6.58862407457873,True
149,CC(C)CC(NC(=O)CC(O)C(CC(C)C)NC(=O)C(NC(=O)C(N)CCC(=O)O)C(C)C)C(O)CC(C)C(=O)NC(C(=O)NCc1ccccc1)C(C)C,6.583767516162975,False
150,Nc1cc(C(=O)NC(Cc2ccccc2)C(O)CNCc2ccc3ccccc3c2)cc(-c2ccccc2)n1,6.579696494409088,True
151,COc1cnc(C(=O)Nc2ccc(Cl)c(C3(C)COC(C)(C(F)(F)F)C3)n2)cc1F,6.577734150677085,True
152,CCOc1cc(C#N)cc(-c2ccc3c(c2)C2(COC(N)=N2)C2(CCC(OC)CC2)O3)c1,6.548079319945526,True
153,COc1ccc(-c2cc(C(=O)NCc3cc(F)c(C)cc3C)nc(C)c2C)cn1,6.545888095337679,True
154,CC(OC1CCCNC1)c1ccc(F)c(COc2ccc3c(c2)C2(CCCC2)CC3)c1,6.539138735786403,True
155,Cn1cc(C(=O)Nc2ccc(F)c(C3(C(F)F)COCC(N)=N3)c2)c(CCF)n1,6.53880439874177,True
156,COc1cnc(C(=O)Nc2cccc(C3(C)CCOC(N)=N3)c2)cn1,6.525217516006711,True
157,CC(C)(O)COc1cccc(-c2cc3c(N)ncc(C(N)=O)c3cc2F)c1,6.521616165308818,True
158,Cc1ccc(F)c(Nc2nc(NC3CCC(F)(F)C3)ncc2F)c1,6.515321453692943,True
159,CCc1ccc2c(c1)C1(C2)N=C(N)N2C(CC)CCC21,6.510804214011542,True
160,CCc1ccc(C(=O)Nc2ccc(F)c(C3(C(F)F)COCC(N)=N3)c2)c(F)c1,6.509522547981638,True
161,COCc1cccc(-c2ccc(C3CC(=O)N(C)C(N)=N3)c(F)c2)c1,6.500570519255008,True
162,CC(=O)c1cc(C(=O)NC(C)c2ccccc2)cc(C(=O)NC(Cc2ccccc2)C(O)CNC2CC2)c1,6.476168955264241,True
163,CCNCc1cc(C(=O)N2CCN(Cc3ccccc3)CC2)cc(C(F)(F)F)c1,6.473899136461931,True
164,COc1ccccc1-c1ccc2c(c1)C1(COC(N)=N1)c1cc(C#N)ccc1OC2,6.471977047542127,True
165,CC1(C)N=C(N)SCCC1(C)c1cc(Nc2ncccc2F)ccc1F,6.461778782537274,True
166,NCC1CCC(C(=O)NC(Cc2ccccc2)C(O)CNCc2cccc(OC(F)(F)F)c2)OC1,6.441808540299305,True
167,Cn1cc(Br)c(C(=O)Nc2ccc(F)c(C3(C(F)F)COCC(N)=N3)c2)c1,6.4283477848370545,True
168,CC(C)(C)NC(=O)C12CC1NC(N)=NC2(c1ccccc1)c1cccc(-c2cncnc2)c1,6.426195532338378,True
169,CN1C(=O)C(c2ccccc2)(c2cccc(F)c2)N=C1N,6.422747512798031,True
170,COc1cnc(NC(=O)c2ccc(F)c(OCc3cccnc3)c2)c(OC)c1,6.4142145958999075,True
171,Cc1cc(Br)cnc1C(=O)Nc1cc(F)c(C#N)cc1F,6.39966398866678,True
172,Cc1cc(OC2CCCCC2)ccc1C(=O)CC1(O)CCCC(C)C1O,6.384877100428193,True
173,COc1ccc2c(c1)CCC2(c1ccccc1)c1cccc(OCc2ccc(F)cc2F)c1,6.38274209535283,True
174,COCc1cc2cc(c1)C(=O)NC(C(C)COCc1ccccc1)N2,6.372399275860339,True
175,CC(=O)NC(Cc1cc(F)cc(F)c1)C(O)CNC1CCC(CC2CCCCC2)CC1,6.36484536064936,True
176,NC1=NC(c2cc(NCc3nn(C(F)F)cc3Cl)ccc2F)C2C1OCC2C(F)(F)F,6.363606192070295,True
177,CC(NC(=O)c1cc(NCC(F)(F)c2ccccc2)cc(NC2CCC(N)CC2)c1)c1cc(C(=O)N(C)C(C)(C)C)ccc1F,6.36116693892362,False
178,CCCN(CCC)C(=O)c1cc(-c2cc(C)cc(F)c2)ccc1OC,6.357917444367561,True
179,CN1CC2(CCOCC2)C(C)(c2cc(-c3cncc(F)c3)cs2)N=C1N,6.339897735007923,True
180,CC1=NC2(CCOc3ccc(NC(=O)c4ccc(F)cn4)cc32)N=C1N,6.335564043744693,True
181,COc1cc(Cl)cnc1C(=O)Nc1cc(F)c(C#N)c(Cl)c1,6.3311818798572315,True
182,Cc1cc(OC(F)F)cnc1C(=O)Nc1ccc(Cl)c(C(F)(F)F)c1,6.3286962422715645,True
183,Cc1cc(Br)cnc1C(=O)Nc1cccc(C2(C)CCCCC2)c1,6.328348990754398,True
184,N#Cc1ccc(Nc2ncc(F)c(Nc3cccc(N)n3)n2)cc1,6.320316310682503,True
185,Cc1cc(OCc2ccc(F)cc2F)cc2c(=O)c(C(=O)Nc3ccc(Cl)c(C4(C)CCOCC4)c3)c[nH]c12,6.305952647318516,False
186,CC(=O)NC(Cc1cc(F)cc(F)c1)C(O)CNC1CCC(C)(c2cccc(O)c2)CC1,6.300668038236513,True
187,O=C(NC(Cc1ccccc1)C(O)CNCc1cccc(OC(CO)CCF)c1)C(CO)Cc1ccccc1,6.294121825656451,True
188,CC(=O)NC(Cc1cc(F)cc(F)c1)C(O)CNC1CCN(Cc2ccccc2)CC1,6.2856631160822465,True
189,O=C(Nc1cccc(Cl)c1)c1ccc(F)c(NC(=O)c2cc3ccc(C(=O)Nc4cnn(Cc5ccc(F)cc5)c4)cc3n(CC(F)(F)F)c2=O)c1,6.283529009488258,False
190,CC1=NC2(N=C1N)c1cc(Br)ccc1CC21CCC(O)C1,6.280057127953503,True
191,CC1(c2cc(Br)cc(NC(=O)c3ccc(Br)cn3)c2)CN(C(=O)OCC(F)(F)F)CC1F,6.279317851138741,False
192,Cc1cc(CC(NC(=O)c2c(C)cccc2OCC(F)(F)F)C(=O)NC2CC2)ccc1F,6.275047041846178,True
193,CC1(C)Cc2ccc(OCc3cc(F)cc(C#N)c3)cc2O1,6.273383561394828,True
194,CN(c1cc(C(=O)NC(Cc2ccccc2)C(O)CNC2CC2)cc(N2CCCC2)c1)C1CCOCC1,6.272985005676461,True
195,COc1ccc(Cl)cc1C(=O)Nc1ccc(F)c(C2(C(F)F)COCC(N)=N2)c1,6.264308242064046,True
196,Cn1cc(CNC(=O)c2cc(COc3ccc(F)cc3F)co2)cn1,6.26038655918323,True
197,CC(=O)NC(Cc1cc(F)cc(F)c1)C(O)CNC1CCCCC1,6.255661476604423,True
198,CC1=NC(c2cccc(-c3cccnc3)c2F)OC1,6.236358208193206,True
199,COCC(Nc1nc(Nc2cccc(NC(C)=O)c2)ncc1F)C(F)(F)F,6.23537445167213,True
200,CN(c1ccc(C(=O)Nc2ccon2)c(F)c1)c1cc(-c2ccc(OC(F)F)cc2)c(F)cc1F,6.228862129339737,True
201,Cc1onc(-c2ccccc2)c1C(=O)Nc1ccc(F)c(F)c1,6.227365004921021,True
202,Cc1nc(CN(CCc2ccccc2)C(=O)CCC(C)C(=O)Nc2ccc(F)c(Cl)c2)cs1,6.221598244941541,True
203,NC1=NC(c2cc(NC(=O)c3nnc(O)cc3Cl)ccc2F)C2CC2O1,6.2176377635487245,True
204,NC1=NC(c2cc(NC(=O)c3ccc(OCC(F)F)cc3)ccc2F)(C(F)F)COC1,6.215305121244333,True
205,CCNc1cc(C(=O)NC(Cc2ccccc2)C(N)C(O)CC(C)C(=O)NC(C)(C)C)ccn1,6.214254256152004,True
206,CN1OC2C(O)CN(C(Cc3ccccc3)C(F)(F)F)CC2C1=O,6.213734564096545,True
207,CCC(NCC1Cc2ccccc2N(c2cccc(F)c2)C1=O)c1ccc(C(=O)OC)cc1,6.211180621279885,True
208,CC1(c2cc(NCCc3ccccc3)ccc2F)N=C(N)OCC1F,6.208531834905812,True
209,O=C(Nc1cnc(O)nc1O)c1ccc(F)cc1,6.2074913851043325,True
210,CN(c1ccc(C(=O)O)cc1)c1cc(C(=O)Nc2ccc(Cl)c(C(N)=O)c2)ccc1F,6.20636130428976,True
211,COCn1cc(C(=O)Nc2ccc(-c3ccccc3C3CC3)cc2)cn1,6.203973150571341,True
212,CN1C(=O)CC(C)(C2CCN(C(=O)c3cc(F)cc(C#N)c3)CC2)N=C1N,6.1841889121376825,True
213,O=C(Nc1cc(-c2ccc(F)cc2)ccc1OC(F)F)C1CCCCC1,6.178926100339615,True
214,COCc1cc(NC(=O)c2ccc(F)c(Cl)c2)cc(OC)c1,6.176380603352473,True
215,COc1cccc(-c2cccc(C3(c4ccc(OC(F)F)cc4)N=C(N)N(C)C(=O)N3C)c2)c1,6.1733405336590375,True
216,Cc1cc(NC(=O)CSc2ccccn2)cc(C(=O)Nc2cccc(C(F)(F)F)c2)n1,6.167639216182224,True
217,Cc1c(C(=O)N(Cc2ccco2)C2CCCCC2)oc2ccc(Cl)cc12,6.160950768787252,True
218,COc1ccc(-c2nc3ccc(F)cn3c2NC2CCCCC2)cc1OC,6.153328447625836,True
219,CCc1cncc(-c2ccc3c(c2)C2(CCOCC2)N=C(C)C(N)=N3)c1,6.151484109679746,True
220,NC1=NC(c2cc(NCC3CCOC3)ccc2F)(C(F)F)C(F)(F)CC1F,6.151320235056493,True
221,O=C(NC(Cc1ccccc1)C(O)CNCc1cccc(C(F)(F)F)c1)OCc1cccnc1,6.150195594805115,True
222,COc1ccc2c(c1)C1=C3N=Nc4ccc(N5CCC(F)CC5)cc4C=C3CCC(NC(=O)c3cccc(-c4ccccn4)c3)C12,6.1493650956003885,False
223,N#Cc1ccc(C(=O)Nc2cc(F)c(F)c(C3(CF)N=C(N)OC4CC43)c2)cc1,6.147304886667283,True
224,CC(=O)NC(Cc1cc(F)cc(F)c1)C(O)CNC1CCOc2ccc(Oc3ccccn3)cc21,6.146875316079676,True
225,NC1=NC(c2cc(-c3cccnc3)ccc2F)(C(F)F)C(F)(F)CC1,6.143859140185684,True
226,O=C(Nc1ccc(F)cc1)c1cccc(N2CCc3nc(CSc4cccnc4)ncc3N2)c1,6.135949404651889,True
227,CC1(c2cc(Nc3ccccn3)ccc2F)N=C(N)OCC1(F)F,6.134988162034774,True
228,O=C(Nc1ccccn1)c1c(NC(=O)C2CCC(F)(F)CC2)sc2c1CCCC2,6.134374821877611,True
229,N#Cc1cnc(C(=O)CC(c2ccccc2)c2ccccc2)c(-c2ccc(F)cc2)c1,6.131338364205549,True
230,Cc1nc(OCC(F)(F)F)ccc1-n1cc(CC(=O)O)c2ccc(C(F)(F)F)cc21,6.124245470068261,True
231,CC1(c2cc(Oc3ccccc3F)ccn2)CCOC(CF)CO1,6.122122633564604,True
232,COc1nc(NC(C)(C)c2cc3cc[nH]c3cc2F)ccc1F,6.119889662977918,True
233,NC1=NC(c2cc(NCC3CCOC3)c(F)cc2F)(C(F)F)COC1,6.104333310712844,True
234,CN(CCF)c1cccc(CNCC(O)COc2cccc(F)c2CO)c1,6.098441035537373,True
235,CCc1nc(NCc2ccco2)c(C)c(-c2cccc(F)c2)n1,6.096014847513218,True
236,CCOc1cc(CC2CS(=O)(=O)CC(NCc3cccc(C(C)C)c3)C2O)ccc1-c1ccccc1,6.083924524450862,True
237,CC(Cc1cccc(F)c1)NC(=O)c1cc(NC(=O)c2ccccc2)cc(-c2ccc(=O)n(C)c2)c1,6.077936206148747,True
238,N#Cc1cccc(C23CCC(N(CCN4CCCC4)C(=O)Nc4ccc(F)c(Cl)c4)C2C3)c1,6.067786358262098,True
239,CC(=O)NCCC(=O)NC(Cc1ccccc1)C(O)CNCc1cccc(C(F)(F)F)c1,6.059977359176097,True
240,CN1C(=O)CC2(NC(=O)c3ccc(Cl)cc32)C12COC2,6.04130923899446,True
241,CC(NC(=O)c1coc(-c2ccc(C(F)(F)F)cc2)c1)c1cccnc1,6.040373296972263,True
242,CSc1cccc(NC(=O)Nc2ccc(F)c(C3CCCC3)c2)c1,6.028780439179041,True
243,Cc1cnc2c(c1)CCC(Nc1ccc(F)c(C3(CF)COCC(N)=N3)c1)C2,6.019091203484013,True
244,CC1(c2cc(Nc3cnccn3)ccc2F)CCSC(N)=NC1(O)CCO,6.018303765714611,True
245,Cc1ccc(-c2noc(C)c2COc2ccc(C3CC3)cc2F)cc1,6.016554337123721,True
246,CCn1cc2c3c(cc(=O)nc(C(F)(F)F)c31)NCCc1ccccc1-2,6.011748320951896,True
247,Cc1cc(OCC2=NCCN2)ccc1F,6.0104794803537605,True
248,Oc1nc(NC2CCC(O)CC2)cc(Oc2ccc(F)cc2F)n1,6.00745975575413,True
249,NC1=NC(c2cccc(NC(=O)c3cnc(CC(F)F)s3)c2)COC1,6.003415759048676,True
250,O=S(=O)(Cc1cc(F)cc(N2CCNCC2)c1)C(O)CNCc1cccc(OCCF)c1,6.003234648045485,True
251,CC(C)(C)CNS(=O)(=O)c1ccc(-c2cccc(F)c2)cc1,5.999263329705815,True
252,O=C(Nc1ccc2c(c1)N(C(=O)Nc1cccc(Cl)c1)CCC2)c1cccc(F)c1,5.996738916469791,True
253,NS(=O)(=O)c1ccccc1-c1ccc(NC(=O)c2ccc(OCC(F)(F)F)cc2)cc1,5.991119873078998,True
254,Cc1cc(C(=O)Nc2ccc(S(=O)(=O)NCC(O)CC(N)=O)cc2)cc(C)c1F,5.988486771457149,True
255,O=C(Nc1cc(Br)ccc1N1CCN(CCO)CC1)c1ccc2cccnc2c1,5.986625220530872,True
256,O=C(NC1=NCCS1)c1ccc(OC(F)(F)F)cc1,5.986619769276492,True
257,Fc1ccccc1-c1ccc2nccn2c1,5.984232154502177,True
258,O=C(NC(c1ccc(F)c(O)c1)c1ccc2cccnc2c1)C(F)F,5.9841016027807905,True
259,CCS(=O)(=O)Nc1ccc(F)c(CN(c2ccc3ccc(F)c(C)c3n2)C2CCCC2)c1,5.980350631897141,True
260,Cn1cc(C2CC3CSC(N)=NC3(c3ccccc3)CO2)cn1,5.976485748386295,True
261,Cc1cc(C)nc(NC(=O)c2ccccc2OCCn2cccn2)c1,5.971948065987492,True
262,O=C(c1cc(-c2ccco2)ccn1)N1CCC(c2cccc(F)c2)CC1,5.966707155570813,True
263,Fc1ccc2c(c1)CCCCN2Cc1c[nH]cn1,5.9656392297059035,True
264,NC1=NC(c2cccc(OC(F)(F)F)c2)(c2ccc(Cl)c(F)c2)N=C1N,5.965506998842952,True
265,CC(C)c1cccc(CNCC(O)C(Cc2ccccc2)NC(=O)C2CCC(=O)N2)c1,5.964778146452016,True
266,O=C(Nc1ccccc1-c1cncc(C(F)(F)F)c1)c1ccccc1,5.9646454340919295,True
267,Cc1ccc(C(=O)Nc2cc(C3(C)CCC(C)C(C)(C)OC3)ccc2F)cc1,5.959664497418236,True
268,O=C(Nc1ccc(F)cc1)C1CCN(C(=O)c2cccc(F)c2)CC1,5.95528015249904,True
269,Cc1cc(OCc2ccc(F)cc2F)c(-c2ccc(F)cc2)cc1-c1ccc(C(=O)NCC(F)(F)F)cc1,5.954923541028942,False
270,O=C(Nc1cc(Br)ccc1N1CCN(Cc2ccc(F)c(F)c2)CC1)c1cccc(OC(F)(F)F)c1,5.954544166326819,False
271,O=c1cc(OCc2cccc(F)c2)ccn1CCCO,5.9526300645255015,True
272,CC(C)Cc1ccc(CN2CCC3(CCC(C)(C)O3)CC2c2ccc(C(F)(F)F)cc2)cc1,5.948186357641958,True
273,CC(C)n1cc(C(=O)NCc2ccc(F)c(C(F)(F)F)c2F)c2c(O)cccc21,5.947469358404241,True
274,CC(Nc1cc(F)cc(C#N)c1)c1cc(C(=O)O)cc2cc(C(=O)O)ccc12,5.945300558683629,True
275,O=C(NCc1ccc(SC(F)(F)F)cc1)c1cnc2ccccn12,5.943097534570597,True
276,Cc1ncc(-c2ccc(C(=O)Nc3ccc(Cl)cc3)cc2)c(OC(C)C)n1,5.942677981578445,True
277,CC1=NC(c2cccc(F)c2)(c2cccc(-c3cccnc3)c2)N=C(N)O1,5.940264844224339,True
278,O=C(Nc1cc(-c2ccccc2)ccc1N1CCN(C(=O)OC(C(F)(F)F)C(F)(F)F)CC1)c1ccccc1,5.9370216380395,False
279,Oc1cc(C(OCc2ccccc2)N2CCNCC2)cc(O)c1F,5.92986192763593,True
280,O=C(Nc1ccc(F)cc1)c1ccc2c(c1)CCN(S(=O)(=O)c1ccc(Cl)cc1)C2,5.926596359058757,True
281,Cc1cc(Br)cc(C)c1NC(=O)c1cccc(C(F)(F)F)c1,5.924297502701195,True
282,COc1cc(CC(=O)OCC(=O)Nc2cccc(C(=O)O)c2)ccc1F,5.9218488427138105,True
283,CC(C)Oc1cc(C(=O)NC2Cc3cccc(NC(C)(C)C)c3CN(C)C2)ccc1F,5.921610323678439,True
284,COc1cc(C#N)cc(-c2cc3c(cc2F)-c2nc-3c(C(=O)Nc3cc(Cl)ccc3OC(F)F)cc2C)c1,5.919208942732053,False
285,COc1cc(O)c(Cc2csc(CC(C)(C)O)c2)cn1,5.918271453859096,True
286,CCc1cnc2c(c1)C(=O)c1cccc(c1)CC(C)(N)CNC2=O,5.912079762548712,True
287,CCc1cc(O)cc(-c2ccc(F)cc2)c1,5.910838107448866,True
288,CC(=O)Nc1cc(C)c(-c2ccc(C3(C)CC(=O)N(C)C(N)=N3)s2)c(C)n1,5.902437057865311,True
289,CN1C(=O)C(c2ccccc2)(C2CCCCC2)N=C1N,5.898710939182905,True
290,CCn1cc(C(=O)NC(CNC(=O)c2cc(C)sc2C)C(C)C)cn1,5.897842669419665,True
291,Cc1ccc(S(=O)(=O)Nc2ccc(F)c(Cl)c2)cc1,5.896979895639574,True
292,NC1=NC(c2ccccc2)(C2CCCCC2)C(=O)N1CCCC(F)(F)F,5.893771644958189,True
293,COc1ccc(C(=O)Cn2cc(C3=CC=c4ncnc(Nc5ccc(OCc6cccc(F)c6)c(Cl)c5)c4=Cc4ccc(O)cc43)c3ccccc32)cc1,5.891342529824032,False
294,O=C(Nc1cc(-c2ccccc2)ccc1N1CCC(O)(C(F)F)CC1)c1ccc(F)cc1,5.889294698538967,True
295,Cc1nc(-c2ccc(Cl)cc2F)c(C2CCCNC2)n1C,5.885929353773633,True
296,O=C(Nc1cc(Br)ccc1N1CCNCC1)c1cccc(F)c1,5.883002063362515,True
297,CCc1ccc2c(c1)C(NCC(O)C1Cc3cccc(c3)OCCCCC(=O)N1)OC2,5.88223247941439,True
298,NC1=NC2(CCCc3ccccc32)Oc2ccc(Cl)cc21,5.880336963597293,True
299,COc1ccc(-c2nn(CC(=O)NCCc3ccccc3)c(=O)c3ccccc23)cc1,5.879961670700195,True
300,O=C(Nc1cc(Br)ccc1N1CCN(Cc2ccccc2)CC1)c1ccc(F)cc1,5.878188718212858,True
301,N#Cc1cc(OCC(N)c2ccccc2)ccc1F,5.875220207798676,True
302,N#Cc1ccc(CNC(=O)c2ccc(OCC(F)(F)F)nc2)cc1,5.8644758087232125,True
303,Nc1ncnc(N2CCN(C(CO)c3ccco3)CC2)c1-c1ccc(F)cc1,5.857145711655198,True
304,COCc1cn2c(-c3cccc(C(=O)NCC(F)(F)CO)c3)ccc2nc1O,5.853416287975557,True
305,COc1cnc(-c2cccc(C3CC3c3cc(F)cc(F)c3)c2)cn1,5.850716991873112,True
306,COc1cccc(-c2ccc(F)c(F)c2)c1,5.848982166273247,True
307,Cc1ccc(-c2cc(F)ccc2-c2ccc(S(C)(=O)=O)cc2)cc1,5.848885936162935,True
308,COc1cccc(-c2ccnc(Nc3ccc(F)cc3)n2)c1,5.837950225220311,True
309,COc1cncc(-c2cccc(C3CC3c3ccc(F)c(C)c3)c2)c1,5.8359455266713915,True
310,O=C(Nc1cc(Br)ccc1N1CCNCC1)C1CC1,5.83481591440217,True
311,Cn1ccc2c(OCC(=O)NCc3cccc(OC(F)(F)F)c3)ccc(F)c21,5.834674496634356,True
312,CC1(c2cc(Br)cc(NC(=O)c3cnc(Cl)cn3)c2)CSCCS1,5.833676692792243,True
313,CCOc1cc(-c2cccc(OC)c2)c(OC)c(-c2ccc(F)c(CC(C)C)c2)c1,5.83100630158739,True
314,CC(C)c1cccc(CNC(=O)CC2CC(=O)N(C)C(=O)N2C)c1,5.830936291260348,True
315,CC(NC(=O)c1cc(F)c(NS(C)(=O)=O)c(F)c1)c1ccccc1,5.8283813940795826,True
316,COc1cccc(CNC(=O)c2cc(S(=O)(=O)c3ccccc3)ccc2F)c1,5.827424722992036,True
317,CC1(C)CN=C(N)c2ccc(-c3cnccn3)cc21,5.820800013398414,True
318,COCc1cc(Oc2ccc(C(F)(F)F)cc2)cc(C2CCC(C)NC(C)CC2)c1,5.82047759521877,True
319,CCc1nc(N2CCCCC2C)c(N)cc1C(F)(F)F,5.817161617578348,True
320,O=S1(=O)CCCc2cc(N(Cc3ccccc3)Cc3ccncn3)ccc21,5.817064659913553,True
321,O=C(Nc1ccccc1)Nc1ccc(-c2ccc(CSc3ncccn3)c(F)c2)cc1,5.817045410526649,True
322,COc1ccc(NC(=O)c2cnc(C)cn2)cc1,5.812634908839015,True
323,O=C(Nc1cccc(-c2c[nH]cn2)c1)c1cc(F)ccc1-c1ccccc1,5.812074971564746,True
324,O=C(Nc1cc(-c2ccccc2)ccc1Nc1ccccn1)c1cccc(F)c1,5.802588354643722,True
325,CC1(c2cc(Br)cc(NC(=O)c3ccc(OC(F)(F)F)cc3)c2)CCSC(N)=NC1,5.800500522728725,False
326,Cc1ccccc1-c1cc2c(cc1F)c(=O)c(C(=O)O)cn2C,5.79857187871262,True
327,CNc1ncc2c(CCc3cccc(C(F)(F)F)c3)cccc2n1,5.798067431086085,True
328,CC(C)(C)c1cccc(CNC2CS(=O)(=O)CC(Cc3ccc(O)cc3)C2OCC=Cc2ccccc2)c1,5.792879857835012,False
329,O=C(Nc1cc(-c2ccccc2)cc(C(F)(F)F)n1)c1ccc(-c2cncc(C(F)F)c2)cc1,5.790125741922993,True
330,Cc1cnc(Oc2ccc(-c3ccc(CCC(C)C)c(C)c3)cc2)c(N)n1,5.784366422757266,True
331,O=C(Nc1cc(Br)ccc1N1CCN(Cc2ccccc2)CC1)c1ccccc1,5.783619403601165,True
332,CN(Cc1ccccc1)CC(O)c1cccc(-c2ccc(F)c(F)c2)c1,5.778764737139394,True
333,O=C(NCc1ccc2c(c1)OCCC(NC(=O)OCCO)C2)Nc1cccc(F)c1,5.773491661692332,True
334,CC1=CCc2cccc(c2)C(=O)c2cc(C#N)cnc2N=C1N,5.771470136637472,True
335,CCNC(=O)c1[nH]c(C(=O)OC(C)C)c(-c2ccc(OC)c(F)c2)c1C,5.767614334576223,True
336,O=c1cc(-c2ccccc2)oc2cc(OCc3ccc(C(F)(F)F)cc3)cc(O)c12,5.7661618687854705,True
337,CN(CC(=O)Nc1cccc(F)c1)Cc1ccccc1,5.761600126080429,True
338,CC(C)CCN1C(Cc2cccc(C(F)(F)F)c2)CNC(=O)C(C)C1C,5.75844471184607,True
339,CN(C)c1cccc(CNCC(O)C(Cc2ccccc2)NC(=O)C2CCCCCC2)c1,5.758366632702721,True
340,CCSCC(NC(=O)CNC(=O)C(NC(=O)C(NC(=O)OCC(C)C)C(C)C)C(C)C)C(=O)NC(CC(=O)O)C(=O)NCc1ccccc1,5.756819743444095,False
341,CCc1ccc2c(c1)C(NCC(O)C1CCCOc3cccc(c3)C1)NC2,5.754155217549945,True
342,c1ccc2oc(-c3ccc(OCCN4CCCCC4)cc3)cc2c1,5.754131370793439,True
343,CCNC(=O)Nc1ccc(C(=O)Nc2cc(-c3ccccc3)ccc2F)cc1,5.753601981058636,True
344,COCc1cc(C#N)cnc1C(=O)Nc1ccc(Cl)cn1,5.739753728256687,True
345,COc1ccccc1-c1ccc2c(c1)NC(=O)C1=CCCCC12,5.736816330316275,True
346,COc1cc2cnc(C(N)=O)c(Nc3ccc(C)cc3)c2cc1OC,5.732013478824528,True
347,FC1CCN(Cc2c[nH]c3c(Cl)cc(Cl)cc23)CC1,5.731184032653171,True
348,CCNC(=O)Oc1cccc(C2(C)CCSC(N)=N2)c1,5.727575366900667,True
349,Cc1cc(C#N)cnc1C(CC(C)C)N1CCC(NCc2ccccn2)CC1,5.726360044343485,True
350,NC1=NC(c2ccc(OC(F)F)cc2)(c2cccc(F)c2)CO1,5.724859989185241,True
351,CC(C)c1cccc(CNCC(O)C(Cc2ccccc2)NC(=O)C2CN(Cc3ccccc3)C(=O)N2)c1,5.724541473309298,True
352,NCc1cc(CN2CCSCC2NC(=O)c2ccccc2)ccc1F,5.72259149642309,True
353,O=C(NCc1cc(C(F)(F)F)ccc1F)C(C=Cc1ccccc1)CCc1nc(O)c(NCc2ccc(Cl)cc2)cc1O,5.71938627012726,False
354,O=C(Nc1cc(Br)ccc1N1CCN(Cc2ccccc2)CC1)c1ccccc1Cl,5.711975335426336,True
355,O=C(Oc1ccccc1)N1CCN(Cc2c(C3CC3)ncc(C(F)(F)F)c2-c2cccc(Br)c2)CC1,5.710955066821352,False
356,CC(=O)N1CCCCCC1CCOc1ccc2c(c1)C(C)(C)CCC2(C)C,5.710423510211147,True
357,Cc1nc(C(=O)N2CCCC(C)(C)C2NC(=O)c2cccc(F)c2)cs1,5.703536126153547,True
358,COC(=O)CC1CC(O)c2cc(NC(=O)c3ccc(-c4cccs4)cc3)ccc2O1,5.702923036719673,True
359,Cc1cc(C#N)cnc1C(C)c1cccc(CC(C)NCC(O)c2cccc(Br)c2)c1,5.698577157474023,True
360,Cc1cc(OCc2coc(-c3cccc(F)c3)n2)ccn1,5.696680429972112,True
361,O=C(Nc1ccccc1)c1ccc(-c2ccc(-c3ccco3)cc2)cc1,5.695667050363723,True
362,O=C(Nc1ccc(-n2ccc(C(O)Cc3ccccc3)c2)cc1)c1ccc(F)cc1,5.690487263867133,True
363,COc1cc(-c2ccc(F)cc2C)cc(C)c1-c1ccc(C(F)(F)F)cc1,5.687516319408872,True
364,CC(=O)Nc1ccc(S(=O)(=O)Nc2cc(F)ccc2F)cc1,5.681712994192281,True
365,CN1CCN(Cc2cccc(CNC(=O)c3cccc(Oc4cccnc4)c3)c2)C1,5.681256313815554,True
366,CC(C)CC(NC(=O)C(NC(=O)C(N)CNC(=O)c1nn[nH]n1)C(C)C)C(C)C,5.680642316803804,True
367,CS(=O)(=O)N1CC2C=C(c3ccc(-c4cccc(-c5cccc(C(=O)O)c5)c4)cc3)CC2C1,5.678107540848499,True
368,Cc1ccc2nc(NC(=O)C3CC3c3ccccc3)sc2c1,5.6778265902250675,True
369,Fc1cc(COCC(Cc2ccccc2)NCc2ccccn2)ccc1Cl,5.677388378296747,True
370,O=C(Nc1cc(Br)ccc1N1CCNCC1)c1cc2ccccc2o1,5.674148940155701,True
371,CC(=O)Nc1ccc(-c2ccccc2-c2ccc(F)c(F)c2)cc1,5.674054643208661,True
372,Cc1cc(CN2CCCC2)cc(C2CCC(N3CCC(C(=O)NCCO)C3)=CC2=O)c1,5.672321582516965,True
373,COc1ccc(C=CC2=C(C)C(=CCCO)Nc3nc(C(F)(F)F)ccc32)cc1,5.671133851800409,True
374,COc1cncc(-c2ccc(C(=O)Nc3ccc(Cl)c(Cl)c3)cc2)c1,5.668116567694847,True
375,O=C(CC1CC(OCc2ccccc2)CN1C(=O)Nc1ccc(F)cc1)c1ccccc1,5.66438805430986,True
376,O=C(Nc1ccccc1)N1CCc2c(-c3cccc(OC(F)(F)F)c3)cc(O)cc2C1c1ccccc1,5.664054249842565,False
377,COC1CCC2(CC1)Cc1ccccc1C(=O)N2C,5.661895873541727,True
378,CN(CCN1CCCCC1)Cc1ccc2c(c1)CN(C(=O)c1ccc(F)cc1)CCO2,5.661575859765775,True
379,COCC(N)C(Cc1ccccc1)N(C)C(=O)c1ccc(C(=O)N(CCC(C)C)C2CC2)nc1,5.659663656832014,True
380,O=C(NCc1ccccc1)c1ccc(F)c(-c2ccc(-c3ccccc3)cc2NC(=O)c2ccccc2)c1,5.659254624834354,False
381,Oc1cc(CSc2cccc(F)c2)nc2cccc(F)c12,5.657534916292036,True
382,CC(=O)NC(Cc1ccccc1)C(O)CNC1CC2(CCC2)O1,5.654459127880054,True
383,Fc1ccc(-c2nc3sccn3c2-c2ccnc(Oc3cccc(F)c3)n2)cc1,5.65367538551165,True
384,N#Cc1cc2cc(S(=O)(=O)Nc3ccc(F)c(Br)c3)ccc2[nH]1,5.645959437032631,True
385,Cc1cc(N(CC(=O)Nc2cccc(C(F)(F)F)c2)S(C)(=O)=O)ccc1C(C)N,5.64396622534006,True
386,Cc1ccc(NC(=O)c2cc(N(C)c3cccc(F)c3)nc(C)n2)cc1,5.639698601503576,True
387,CCc1ccc(-c2nc(SCC(=O)Nc3ccccc3)c(-c3ccccc3)[nH]2)cc1,5.6387432408293705,True
388,CC1(C)N=C(c2cc(Cl)cc(Cl)c2)N=C1N,5.63708765632804,True
389,Cc1nc(C(F)(F)F)ccc1-c1ccc(CC(C)NC(=O)Cc2ccccc2Cl)cc1,5.636762306472232,True
390,CCCC(NC(=O)C(CC(C)C)NC(=O)C1CCC(=O)N1)c1ccccc1,5.6311945358781745,True
391,CN(c1cc(-c2ccc3c(c2)CCNCCO3)ccn1)C(Cc1cccc(O)c1)C(=O)NC1CCCc2ccccc21,5.62345599886374,False
392,O=C(Nc1cc(-c2ccccc2)cc(Oc2ccccc2)n1)C1CCCc2ccc(O)cc21,5.622413019944409,True
393,Cc1cnc(C2CC3CSC(N)=NC3(c3ccc(F)cc3F)CO2)cn1,5.619992673372728,True
394,Cn1c(SCC(=O)N2CCC(F)(F)CC2)nc2ccc(Nc3nc(N4CCCC4)nc(N4CCCC4)n3)cc21,5.619071530922515,True
395,N#Cc1ccc(Cn2c(CCC(=O)NCc3cccc(OC(F)F)c3)nc3ccccc32)cc1,5.615240346667276,True
396,O=C(Nc1cn(CC(O)CO)c(-c2cccc(F)c2)n1)c1cccc(OCCF)c1,5.61458306862268,True
397,Cc1nn(CC(F)(F)F)c(=O)cc1-c1cccc(C(C)C)c1,5.614510086231692,True
398,CNC(=O)C(NC(=O)c1cc(OC)cc(N2CCCCC2)c1)C(C)C,5.613640569738574,True
399,COc1cccc(-c2[nH]nc3ccc(-c4nc[nH]n4)cc23)c1,5.61350142861385,True
400,O=C(Cc1ccccc1)Nc1cc(Nc2ccc3c(c2)CCc2ccccc2C3=O)ccc1F,5.6113239311676955,True
401,COc1cccc(CNc2ccc(S(=O)(=O)NCC3CC3)c(C)c2)c1,5.609522496089981,True
402,NC1=NC(c2ccc(OC(F)(F)F)cc2)(c2cccc(Br)c2)C(CO)N1,5.60833264609585,True
403,COc1cc(C(=O)NC2CCN(C)CC2)cc(-c2ccccc2)c1,5.607205330399791,True
404,CN(Cc1cc(F)cc(F)c1)C(=O)Cc1ccc(SC(F)(F)F)cc1,5.606824033940999,True
405,CN(C)c1cccc(CNCC(O)C(Cc2ccccc2)NC(=O)C(C)(C)C2CCCC2N(C)C)c1,5.601200747647319,True
406,N#Cc1ccnc(Nc2ccc(F)c(-c3ccccc3)c2)c1,5.591396452409798,True
407,COc1cccc(-c2cc(OCC3CCNCC3)cnc2-c2ccc(C)cc2)c1,5.586973162988362,True
408,CCC(C)C1(NC(Cc2ccccc2)Cn2cc(-c3ccc(-c4cccnc4)cc3)cn2)CNC1=O,5.584641591050421,True
409,CCC1(C)CN(C(=O)c2cccc(Cl)c2)N=C1c1ccc(OC)cc1,5.581814485948238,True
410,O=C(Nc1ccccc1)N1CCN(Cc2ccc(F)cc2)CC1,5.579067522052358,True
411,CN(c1ccccc1)c1ccc2[nH]c(-c3cccc(NC(=O)c4ccc(Br)cc4)c3)nc2c1,5.575847900266487,True
412,CC1(C)CC2CCC(NC(=O)Nc3ccc(Cl)c(Cl)c3)C2C1,5.571440000381573,True
413,O=C(Nc1cc(-c2ccccc2)ccc1N1CCOCC1)c1ccccc1,5.570942892420743,True
414,N#Cc1ccccc1-c1ccc(CNc2ccc(F)cc2)cc1,5.564165318956912,True
415,CCN(Cc1ccccc1)Cc1ccc(-n2ccc(NC(c3ccccc3)c3ccccc3)n2)cc1,5.563656145229319,True
416,N#Cc1ccc2[nH]c(-c3ccnc(NC4CCN(Cc5ccccc5)CC4)n3)cc2c1,5.5630810587321875,True
417,O=C(Nc1cc(Br)ccc1N1CCN(Cc2ccccc2)CC1)c1cccc2ccccc12,5.558178831063124,True
418,Cc1cccc(N2CCN(C(=O)CSc3ccc(F)cc3)CC2)c1,5.55796679195262,True
419,COc1cnc2ccc(C(O)c3cccc(N(C)C)c3)cc2c1,5.556015442040682,True
420,COCCN(c1ccc(C(=O)NC(C)C)cc1)c1cc(N2CCc3c(cccc3OC)C2)nc(OC)c1Cl,5.54732570352106,False
421,CCOc1cccc(-c2nc(SCC(=O)Nc3nc(-c4cc(Cl)ccc4OC)cc(Cl)c3F)n[nH]2)c1,5.546876625406352,False
422,O=C(c1ccc(C2CC2)cc1)c1cnc2ccc(Nc3ccccn3)cc2c1,5.542369062780392,True
423,Oc1cc(Cl)cnc1-c1ccc2c(c1)CCNCC2,5.539792481383921,True
424,CC(=O)NC(Cc1ccccc1)C(O)CNCc1cccc(OCC(O)CO)c1,5.537270326160823,True
425,c1cncc(-c2ccc(NCCN3CCCCC3)cc2)c1,5.535395402985573,True
426,FC(F)(F)c1ccnc(-c2cccc(Nc3nccc(C(F)(F)F)n3)c2)c1,5.535316162432394,True
427,CNCC(O)C(Cc1cccc(-c2ccsc2)c1)NC(=O)COC,5.534985580287373,True
428,O=S(=O)(c1ccc(F)cc1)N1CCN(CCc2ccccc2)CC1,5.532904155104449,True
429,COc1cc(NC(=O)Nc2ccc(Cl)cc2)cc(C(=O)NCCC(C)C)c1,5.529791337863205,True
430,NC1=NC(CF)(c2cc(-c3ccccc3)cs2)C(O)C1F,5.522397868578354,True
431,COc1cc(NC(=O)c2ccc(NC(=O)N3Cc4ccccc4C3)cc2)cc(OC)c1,5.521390280236684,True
432,COc1cncc(OC)c1C1CCCC(NC(=O)c2cc3ccccn3n2)C1,5.518158845733393,True
433,COc1ccc2oc(C(=O)NC(Cc3ccccc3)C(O)CNCc3cccc(N(C)C)c3)c(C)c2c1,5.517965582113071,True
434,COc1ccc(N(C)c2ccc(-c3ccccc3)nc2)cc1OC,5.515221052391323,True
435,COc1cccc(-c2nc(SCC(=O)Nc3ccc4c(c3)OCCO4)c(-c3ccccc3)[nH]2)c1,5.514229129024025,True
436,CN(c1cc(C(F)(F)F)cc(C(F)(F)F)c1)c1ccc2nc(N)nc(N)c2c1,5.513225516519948,True
437,Cc1cc(C)nc(NC(C)c2ncc(CC#N)cc2C)n1,5.512768973755128,True
438,Cc1cc(C#N)cc(C)c1Nc1cc(Cl)ccc1CNC(=O)Nc1cccc(C(C)C)c1,5.510287696627741,True
439,O=C(Nc1cc(Br)ccc1N1CCNCC1)c1cc(Cl)ccn1,5.50909577166517,True
440,CN1c2ccc(Br)cc2CCc2ccc(NC(=O)Nc3cccnc3)cc21,5.508583389292995,True
441,COc1ccc(C(=O)NC(Cc2ccccc2)C(O)CNCc2cccc(O)c2)cc1,5.505588712363122,True
442,CC(=O)c1cccc(OCC(O)CNC2CCCC2)c1,5.501525567441296,True
443,C1=CC2=c3cc(OCC4CCCCC4)ccc3=CC(=N1)C(CCc1ccccc1)N2,5.493611587553038,True
444,COc1cccc(CNCC(O)C(Cc2ccccc2)NC(=O)c2cc(N)cc(N)n2)c1,5.493025784780502,True
445,O=C(CSc1nc(SCc2cccc(F)c2F)n[nH]1)NCc1ccccc1,5.492417825657506,True
446,CCSc1cc(C2CC2)n(-c2ccc(OC)cc2)c(=O)c1,5.490587655907692,True
447,COc1ccc(CN2CCN(Cc3ccccc3)C(CCO)C2)cc1OC,5.4890772410160835,True
448,O=C(c1cc(Br)c[nH]1)N(Cc1ccccc1)Cc1ccc(F)cc1,5.485467081774609,True
449,COc1ccc(-c2cnc(N3CC(C)OC(C)C3)c(C(C)(C)C)n2)cc1,5.476942128451055,True
450,COc1ccc(C(=O)c2c(-c3ccc(OC)cc3)[nH]c(O)c2O)cc1,5.472439177158061,True
451,O=C(OC1CCSCC1)c1ccc2c(c1)OCc1cnccc1-2,5.458373311298158,True
452,O=C(Nc1ccc(C(=O)N2Cc3ccccc3C2)cc1)c1ccccc1,5.4580867606517005,True
453,Cc1cncc(-c2cccc(NC3CCNCC3)c2)c1,5.451939186589843,True
454,CC(C)Oc1ccc(-c2cc3c(C(=O)O)c[nH]c3cc2Cl)cc1,5.450396894990531,True
455,O=C(Nc1cnc(O)nc1O)c1cccc(-c2ccsc2)c1,5.446619425825951,True
456,CCOc1cccc(-c2nc(NCC(C)C)nc(SC)n2)c1,5.441134945863014,True
457,CN1c2cc(O)ccc2Cc2ccc(cc2)CCC1CO,5.4348543561236555,True
458,Cc1c(CCO)c(=O)n(C)c(=O)n1C,5.433140073308785,True
459,CN1CC(N(C)c2nc(-c3cccnc3)c[nH]2)C(C)(C(=O)NC(CO)c2ccccc2)C1,5.424113795163342,True
460,COc1cccc(CNCC(O)C(Cc2ccccc2)NC(=O)Cc2csc(C)n2)c1,5.419970293760212,True
461,Cc1ccc(C(=O)NC(Cc2ccccc2)C(O)CC(=O)NCc2ccccc2)c(C)c1,5.4192462663738965,True
462,CC1(C)C=C(NC(Cc2ccccc2)CN2CCNCC2)c2ccccc2C1,5.415514411067573,True
463,CC1(c2ccccc2)CC(=O)OC1c1ccccc1,5.4105351966891115,True
464,NCc1cc(Oc2ccc(NC(=O)c3cc(N4CCOCC4)c4ncccc4c3)cc2)ccn1,5.409631918257503,True
465,COCc1cc(NC(=O)c2cccc(OC)c2)cc(C(N)=O)c1,5.4095436333674165,True
466,NC1=NC(=O)C(Cc2ccccc2)N1CCc1cccc(F)c1,5.409290367612645,True
467,Cn1cc(C(=O)NCc2ccc(F)cc2)nc1N,5.408984874632779,True
468,Cc1cc(Br)ccc1NC(=O)CN1C(=O)COc2ccccc21,5.408625787973408,True
469,Cn1c2ccccc2c2c3c(c4c5ccccc5[nH]c4c21)C(=O)NC3,5.405712618691755,True
470,CC1Cc2ccc(OCC(O)CNC3CCCCC3)cc2O1,5.405060657581996,True
471,COc1ccc(OC)c(CNCC(O)C(Cc2ccccc2)NC(=O)OCc2ccccc2)c1,5.4047930019947925,True
472,CCCN(CCC)C(=O)c1cccc(CNCC(O)c2cccc(O)c2)c1,5.4023882337809,True
473,COc1ccc(C2(c3cccc(-c4cncnc4)c3)CCC(N)CC2)cc1,5.4004663932002765,True
474,CCOC(=O)c1cnc2c(c1)cc(-c1cn[nH]c1)c(=O)n2C,5.3991829426546225,True
475,O=C(COc1ccccc1)Nc1ccc2nc(CNC3CCCCC3)ccc2c1,5.397144158551287,True
476,COc1ccc(-c2oc3ccc(OC)cc3c(=O)c2C)cc1,5.396128844109318,True
477,COc1ccc(-c2nc3ccc(Br)cn3c2NC2CCCCC2)cc1,5.3953112825221705,True
478,NC1=NC(c2ccccc2)(C2CCCCC2)C(=O)N1,5.394095992876045,True
479,NC(=O)c1cccc(Nc2ccnc(N3CC(c4ccc(Cl)cc4)C3)n2)c1,5.392634762925363,True
480,c1ccc(-c2cccc(NCC3CCc4ccccc43)c2)cc1,5.3903161167655576,True
481,Cc1ccc(N(C(C)C(=O)Nc2ccccc2C)S(C)(=O)=O)c(C)c1,5.386792124560773,True
482,COc1cccc(-c2nc(N)c(C#N)c(SCC(=O)NCC3CCCCC3)n2)c1,5.386692351098715,True
483,Cc1ccc(Oc2cccc(CNC3COc4cccc(O)c4C3)c2)cc1,5.380572284452004,True
484,COc1ccc(C2CNC(=O)N2c2ccc(OCc3ccccn3)c(Cl)c2)cc1,5.378357491718983,True
485,CCCOc1cc(C)c2c(c1C)CC(C)(CC)O2,5.373646033050521,True
486,COc1ccc(C2(c3cccc(OCc4ccccc4)c3)CCC(N)CC2)cc1,5.372090366630498,True
487,CC(C)CC1CC(=O)NC(CCC2CCCCC2)C(=O)N(C)C(CC(C)C)C(=O)NCCC(=O)N1,5.371253004706886,True
488,CNC(Cc1cc(C(F)(F)F)cc(C(F)(F)F)c1)c1cccc(-c2ccccc2)c1,5.369257083358905,True
489,NCc1cc(CC(N)C(=O)O)ccc1-c1ccc(Cl)cc1,5.368945440482215,True
490,CN1C(=O)C2(OCCC2O)c2ccccc21,5.364473645147763,True
491,CN(C)c1cccc2c(CCCC(=O)NS(=O)(=O)c3cccs3)cc(C(F)(F)F)cc12,5.359486228836221,True
492,O=C(NCc1ccc(Cl)c(C(=O)c2ccccc2)c1)c1cc(F)cc(F)c1,5.356823014055034,True
493,O=S(=O)(c1ccccc1)N(Cc1ccc(OC(F)(F)F)cc1)Cc1cccc(O)c1,5.355775802094992,True
494,CCC(C)C1(NC(C)=O)CCN1C,5.354936544298281,True
495,O=C(O)Cc1ccc(F)cc1,5.3517089297714495,True
496,O=S1(=O)CCCC2=C1C(c1ccc(Br)cc1)C(CCc1ccccc1)N2,5.350487926610064,True
497,O=C(Nc1nc2ccccc2n1Cc1ccccc1Cl)c1ccccc1Cl,5.349102186665826,True
498,COc1ccc(-c2occ(-c3ccccc3Cl)c2CC(C)C)cc1,5.348007902913371,True
499,COc1ccc(S(=O)(=O)N(Cc2cccnc2)CC2CCC(C(=O)NCCN3CCOCC3)CC2)cc1,5.343803456096626,True
500,O=C(O)c1ccnc(C(=O)NCCc2ccccc2CCc2ccccc2OCCF)c1,5.343103474507865,True
501,NC(CCc1ccccc1)C(=O)Nc1cccc(-c2ccccc2)c1,5.34305412512404,True
502,N=c1oc2ccccc2cc1C(=O)Nc1ccc(Br)cc1,5.342965887969493,True
503,CC(=O)N1C(Cc2ccncc2)CCC1(O)c1nc(C(=O)O)cs1,5.341777986707552,True
504,Cc1ccc(-c2cc(C)c(-c3ccc(C(N)=O)cc3)cc2O)cc1C,5.341205028162454,True
505,CCCC(=O)Nc1ccc(-c2ccnc(N3CCNCC3)c2)cc1,5.340735126414591,True
506,CN1C(=O)C(Cc2ccc(O)cc2)N(CCc2ccc3c(c2)OCO3)C(=O)N1C,5.3406044862909905,True
507,NCc1cc(Br)cc(C(=O)Nc2ccc(Cl)c(Cl)c2)c1,5.339225317679315,True
508,CC(C)Sc1ccccc1-c1cc2c(NC(C)c3ccccc3)nc(N3CCCCC3)nc2[nH]1,5.33738409176663,True
509,CCc1cc2cc(OC)ccc2oc1=N,5.336354174334546,True
510,O=C(NCc1nc(Cc2ccccc2)c[nH]1)C(CCO)N(C(=O)O)C(CF)CCF,5.331814716023232,True
511,COc1ccc(Cl)cc1S(=O)(=O)NC(CC(C)C)C(=O)Nc1cccc(C(=O)O)c1,5.329542734942964,True
512,NC1=NC2(c3ccccc3Cl)COCC2CS1,5.329131719555504,True
513,COc1ccccc1-c1cccnc1C(C)C,5.329083239286542,True
514,COCc1cc2cc(C#N)ccc2nc1O,5.32651442304094,True
515,COc1ccc2oc(-c3cccc(NC(=O)C(C)(C)C)c3)cc(=O)c2c1,5.326502629554823,True
516,Cc1cc(OCc2cc(-c3ccccc3)cc(-c3ccccc3Cl)c2)nc(C)n1,5.318399532208592,True
517,COc1ccc(S(=O)(=O)Nc2cccc(-c3cccc(CN(C)C)c3)c2)cc1,5.313010661675914,True
518,CC(C)Cc1ccc(C(C)C(=O)Nc2ccc(CCCC3OCCCO3)cc2)cc1,5.30916940316376,True
519,CCCc1cc(CN(C)C(C)C(=O)Nc2cccc(C#N)c2)ccc1OC,5.309107839150145,True
520,Cc1nn(CCC(=O)NC(C)c2ccccc2)c(C)c1C,5.302430503000202,True
521,COc1ccccc1Oc1ccc(CN2CCC3(CC2)OCc2ccccc2O3)cc1,5.298542567990763,True
522,COc1ccc(-c2noc(N)c2-c2ccc(OC)cc2OC)cc1,5.294631142850573,True
523,CC(=O)Nc1ccc(-c2cn3nc(-c4cn[nH]c4)cc3nc2N)cc1,5.2936227676272605,True
524,COc1ccc(Sc2ccc(-c3ccc(-c4ccccc4)s3)c(NC(=O)c3ccncc3)c2)cc1,5.293550752040103,True
525,Cc1ccc(-c2nn(C)c(=O)c3ccccc23)cc1C,5.291636069969697,True
526,Oc1ccc(C2Oc3ccccc3OC2COc2ccc(OCc3ccccc3)cc2)cc1,5.2916251752975345,True
527,COc1ccc2oc(CN(C)Cc3ccccc3)cc2c1,5.290218788783026,True
528,NCc1cc(Cl)cc(CNc2cc(-c3cccc(Cl)c3)cc(C(F)(F)F)c2)c1,5.283540171812167,True
529,CCCNC(=O)CC(NS(=O)(=O)c1ccc2c(c1)CCCCN2)C(C)C,5.28280239499441,True
530,COc1ccc(C(=O)C2CCCN(C(=O)c3cc(C)c(OC)c(C)c3)C2)cc1,5.279460458019186,True
531,CCCCN(C(=O)N(C)C)c1cc2nc(-c3cncs3)ccc2nc1C,5.272594549283481,True
532,Cc1nc(C)c(C(=O)Nc2ccc(Br)cn2)s1,5.270272412798376,True
533,CN(CCCc1ccccc1)CCC(O)(c1ccccc1)c1ccccc1,5.270185512088246,True
534,CCCc1cc(NC(=O)c2ccc3c(c2)CCCN3)on1,5.267222547024374,True
535,O=S(=O)(c1ccc(Cl)cc1)N1CCN(c2ccccn2)CC1,5.265934944788764,True
536,COc1cccc(-c2nc(SCC(=O)NCC(C)C)nc(N3CCCC3)n2)c1O,5.2650164815473115,True
537,NC1=NC(=O)C(c2cccc(-c3cncnc3)c2)N=C1N,5.263612684915471,True
538,O=c1nc(Nc2nc(C3=CCCCC3)nc3ccccc23)c2ccccc2[nH]1,5.262031179334278,True
539,CC1CC1C(N)=O,5.257965282476196,True
540,NC1=NC(c2ccc(Cl)cc2)(c2ccc(F)c(Cl)c2)C2CCCC12,5.257720955611441,True
541,CCN(Cc1ccccc1)C(=O)C(C)c1ccc(CC(C)C)cc1,5.257256310540613,True
542,Oc1cccc(C2CCCc3cc(O)cc(O)c32)c1,5.255060711277264,True
543,Cc1cccc(CNC(=O)c2ccc(Oc3ccc(C#N)cc3)cc2)c1,5.252203931858248,True
544,O=C(Nc1nnc(C2CC2)s1)c1ccc(Cl)cc1,5.251836124629302,True
545,COc1cccc(-c2[nH]c(O)c(O)c2C(O)C(C)(C)C)c1,5.242758060449293,True
546,COc1cccc(-c2cccc(C3CC3c3cccc(=O)n3C)c2)c1,5.240728594689992,True
547,CCCC(C)(C)NCC(O)C(CC(C)C)NC(=O)c1cc2cccc(Cl)c2o1,5.240327423418161,True
548,COc1ccccc1CNC(=O)C1CCOCC1,5.239889581100938,True
549,COc1ccc(N2CC(=O)CON2)cc1,5.236501966376105,True
550,CC1=CC(C)(C)Nc2ccc(-c3cncs3)cc21,5.232983801567848,True
551,CCCc1cc(OC(C)Cc2ccccc2)cn(C)c1=O,5.2313845086954505,True
552,Cc1ccc(S(=O)(=O)N(CCO)c2ccc(-c3cccnc3)c3cccnc23)cc1,5.230222630559795,True
553,CCN(c1ccc(C(=O)NCCC(=O)O)cc1)c1ccc(-c2ccc(CN3CCOCC3)cc2)cc1,5.2275029062895,True
554,CC1OC(c2ccccc2)C(NCC2CCCCC2)Cc2[nH]ncc21,5.22717367450816,True
555,O=S(=O)(c1ccccc1)N(Cc1ccc(OC(F)(F)F)cc1)CC(F)(F)F,5.221239646246215,True
556,OC1(c2ccccc2)CCN(CCCc2c[nH]c3ccc(-n4cnnc4)cc23)CC1,5.21927948065304,True
557,Cc1ccn2c(-c3cccc(NC(=O)c4ccc(Cl)cc4)n3)c(C)nc2c1,5.218945609596927,True
558,O=S(=O)(c1ccc2cc[nH]c2c1)N1CCCCCC1,5.214813670851,True
559,Clc1ccc(C(c2ccccc2Cl)N2CCNCC2)cc1,5.208591917769469,True
560,CS(=O)(=O)c1cccc(CNC(=O)c2ccc(Oc3ccccc3Cl)cc2)c1,5.207820706390355,True
561,COc1cccc(NC(=O)c2cc(-c3cccc(OC(C)(C)C)c3)on2)c1,5.20652817978048,True
562,O=c1cc(Oc2ccc(O)cc2)ccn1Cc1ccccc1,5.205104433739525,True
563,CSc1cccc(-c2ccc(C3CC3c3cc(=O)cc(N4CCOCC4)cc3C)nc2)c1,5.2031587320562664,True
564,CC(=O)Nc1c(Cl)cc(Cl)c2ccccc12,5.200802560530228,True
565,NC(Cc1ccccc1)C(=O)NC(CC(=O)O)C(=O)O,5.199584018741369,True
566,CCc1cc(NCc2cncc(C#N)c2)ccc1C(N)=O,5.199046773024645,True
567,Cc1cc(C)c(O)c(C(=O)Nc2ccc(S(=O)(=O)Nc3ncccn3)cc2)c1,5.198097522985438,True
568,CCc1cn(C2OC(C)C(O)C2O)c(=O)nc1C(C)C,5.188226619481862,True
569,COc1ccc(OC)c(-c2cc(NC(=O)c3ccsc3)[nH]n2)c1,5.184385012060284,True
570,CC(C)(C)CNC(=O)c1cccnc1Oc1ccc(Nc2ccccn2)cc1,5.17403398274243,True
571,CN(C)Cc1ccccc1-c1cc2c(Nc3cccc(Br)c3)ncnc2s1,5.171605829052522,True
572,COc1ccc(S(=O)(=O)N(Cc2ccccc2)C(C)C(=O)O)cc1,5.167031603145313,True
573,Cc1nn(CCC(=O)NCc2cccc(Cl)c2)c(=O)c2ccccc12,5.1619531643986285,True
574,NCc1cccc(CNc2cc(-c3cccc(Br)c3)ccc2F)c1,5.160169506821763,True
575,COc1ccc2[nH]c(-c3cccc(-c4ccc(NC(C)=O)cc4)c3)nc2c1,5.157178425435331,True
576,CC(=O)Nc1cccc(-c2csc(N(C)C(=O)c3ccc(Cl)cc3)n2)c1,5.156846273319365,True
577,O=S(=O)(c1ccc(-c2ccccc2)cc1)N1CCCCCC1,5.152323434658472,True
578,COC(=O)c1ccc(COCC(COc2ccccc2)OCC(O)Cc2cccc(O)c2)cc1,5.149861143371833,True
579,CC1(CC(=O)O)CC(CCc2ccc(-c3ccccc3)cc2)OC1=O,5.146822964037572,True
580,Cc1cc(-c2cccnc2C#N)nc(C2CC2)c1,5.143461377357486,True
581,COc1ccc(-c2ccccc2)c(CNCc2ccc(Cl)cc2)c1,5.142356171520731,True
582,CC(C)CN(CC(O)C(Cc1ccccc1)NC(=O)OC1CCCCC1)S(=O)(=O)c1ccccc1,5.13645404783854,True
583,CCN(CC)C(=O)CC(c1ccc(C)cc1)n1c(=O)cc(C)n(Cc2ccccc2)c1=O,5.1355733887618635,True
584,Cc1ccc(S(=O)(=O)Nc2ccc(Oc3ccc(C(=O)NC4CCOCC4)cc3)cc2)cc1,5.1339726539270405,True
585,COc1cc(CNCC(C)(C)CNc2cccc(Cl)c2)cc(OC)c1,5.129140541011898,True
586,Nc1nc(O)c2oc(-c3cccc(C(=O)O)c3)cc2n1,5.128858774914096,True
587,O=C(CSc1nc2ccc(-c3ccccc3)cc2[nH]1)NCc1ccccc1,5.128598057138943,True
588,Cc1noc(C)c1CN(CC(=O)Nc1cccc(Cl)c1)S(=O)(=O)c1ccccc1,5.128526426327618,True
589,NC1=NC2(c3ccccc3F)COCCC2CS1,5.123737240219491,True
590,COc1ccc(Sc2cccc(NCc3cc(C)cc(C)c3)n2)cc1,5.118939214680983,True
591,O=c1cc(OCc2ccccc2)ccn1CCc1ccccc1,5.1124874644817275,True
592,Oc1ccc(CCc2ccccc2)c(O)c1,5.10944143209275,True
593,c1ccc(-c2ccc(Nc3cccnc3)c3ccccc23)cc1,5.109367073015142,True
594,COCCc1cc(NC(=O)C(NS(=O)(=O)c2ccccc2)C(C)C)cc(C(=O)OC)c1,5.106821967180024,True
595,CCOc1ccc(OC)cc1-c1cc(C(=O)Nc2ccc(OC)cc2)c(N2CCCC2)cn1,5.1068183141822105,True
596,CN(CCOc1ccc(Cl)cc1)CC(O)CCC(c1ccccc1)c1ccccc1,5.1057837860797,True
597,CC(=O)NC(Cc1ccccc1)C(O)CNC1CC1,5.102874340714525,True
598,O=S(=O)(CCc1ccccc1)c1ccc2c(c1)CCNCC2,5.102602809426414,True
599,O=C(Nc1ccc2c(c1)Cc1cc(S(=O)(=O)NCCc3ccccc3)ccc1-2)c1cccc(Cl)c1,5.101465746144883,False
600,CC(NC(=O)C(NC(=O)OC(C)(C)C)C(C)(C)C)C(=O)Nc1ccccc1,5.1001254028295016,True
601,CSc1cccc(NC(=O)COc2cccc(C)c2)c1,5.09394593739293,True
602,Cc1coc(C2CCSCC2)c1,5.093357536275127,True
603,CCc1ccc(C(c2cccc(Br)c2)C2(C)CC2)cc1,5.093323870951529,True
604,COc1ccc(NC(=O)C(c2ccccc2)c2ccccc2)cc1,5.0819612617381384,True
605,Cn1cnc(CNC(=O)c2ccc(NC(=O)N3Cc4ccccc4Oc4ccccc43)cc2)c1,5.078677139854804,True
606,CCCCC1CCN(C(C)c2ccc(Cl)cc2)C(Cc2ccccc2)C1,5.076386372929637,True
607,CCCCN(CCC)c1cc(C)nc2c(-c3ccccn3)c(C)nn12,5.073561008055406,True
608,O=C(CCc1ccccc1)NC(Cc1ccccc1)C(=O)NC(CCc1ccccc1)C(=O)NC1c2ccccc2CC1O,5.066532397442681,True
609,CC(C)CC(NC(=O)C(CS(C)(=O)=O)NC(=O)C1=NOC2(C)CC1C2=O)C(=O)O,5.065912412292622,True
610,Oc1ncc(Br)c(O)c1O,5.0634106941229655,True
611,CC(c1ccccc1)c1cccc(-c2cccc(CC(C)(C)C(=O)O)c2)c1,5.055712863172585,True
612,CC(C)Sc1ccc(C#N)cn1,5.04998145853609,True
613,CCc1cccc(CC)c1Nc1ccc2[nH]ccc2c1,5.048859645405273,True
614,COc1c(C)noc1-c1ccc(CC(C)C)cc1,5.0488427398009215,True
615,O=C(O)CC1C=C(c2ccccc2)c2ccccc2C1=O,5.046131575586487,True
616,COc1ccc2c(OCc3cc(-c4ccccc4)nc(N)n3)ccnc2c1,5.043305208896904,True
617,O=S(=O)(NC1CC=C(c2nc3cc(S(=O)(=O)c4ccccc4)ccc3[nH]2)CC1)c1ccccc1,5.041778116269452,True
618,O=c1cccc(-c2ccccc2)c(O)c1,5.032020238991804,True
619,NS(=O)(=O)c1ccc(-c2cn(-c3cccc(Br)c3)nn2)cc1,5.028689992585398,True
620,CN1C(=O)N(C)C(c2cccc(C=CCc3ccccc3)c2)N=C1N,5.028265389724127,True
621,CCCCN(CCCC)C(=O)c1cc(C)cc(C)c1,5.024701468679781,True
622,O=C(O)CNCc1ccc(OCc2cccc(COc3ccc(-n4cnc(Br)c4)cc3)c2)cc1,5.022324466789367,True
623,NCc1ccc(Br)cc1CCC(=O)Nc1cccc(Cl)c1,5.017018390854736,True
624,CCc1ccc(CNCC(O)(c2ccccc2)c2ccccc2)cc1,5.01044621703223,True
625,CC1(c2ccc(Br)cc2)CCSCCO1,5.00465719617716,True
626,Cc1ccc(C(=O)NCC(=O)NC2CCCc3ccccc32)cc1,4.999802828988655,True
627,O=C(O)CC(NC(=O)c1cc2ccc(-c3ccccc3)cc2[nH]1)C(O)CCCO,4.998328566159455,True
628,O=C1c2ccc(O)cc2OCC1Cc1ccc(Cl)cc1,4.992180167767342,True
629,O=C1OCCCN1C(c1ccccc1)C1CCCCC1,4.983980664494285,True
630,c1ccc(-c2cccc(-c3ccoc3)c2)cc1,4.983632571583216,True
631,Cc1ccc(S(=O)(=O)NCC(O)CNc2cccc(Br)c2)cc1,4.970207422123719,True
632,CCN1CCN2c3cccc(C(=O)O)c3CCC12c1ccccc1,4.966774390741212,True
633,N#Cc1cccnc1Oc1cccnc1,4.964911148164563,True
634,CC1C=CC(=O)C=CC1c1ccccc1,4.945639019652855,True
635,Oc1c(Cc2ccccc2)cc(-c2ccccc2)cc1-c1ccccc1,4.933978364115687,True
636,CCN(CC)CCC(=O)C(c1ccccc1)c1ccccc1,4.931503590931094,True
637,CS(=O)(=O)c1cccc(Nc2nccc(Nc3ccccc3Cl)n2)c1,4.898378777376149,True
638,COc1ccc(N(Cc2ccccc2)C(=O)CNC(=O)OC(C)(C)C)cc1,4.897566410682797,True
639,NC1=NC(c2cccc(-c3ccccc3)c2)CC(=O)C1,4.888546587846127,True
640,CCCS(=O)(=O)C(C)C(CC)Nc1cccc(-c2ccccc2Cl)n1,4.884677804589476,True
641,CC(=O)N(C)c1ccc(OCC(O)CNC(=O)Cc2ccc(C)cc2)cc1,4.87640850662481,True
642,COc1cc(CCc2cc(O)c(OC)cc2Br)cc(OC)c1,4.852014053364867,True
643,C=Cc1ccc2oc(-c3cccc(C)c3)cc2c1,4.8501801301535075,True
644,O=C(NCC(c1ccccc1)c1ccccc1)OCc1ccccc1,4.845584862327995,True
645,Cc1cccc2nc(SCC(=O)Nc3ccc(Cl)cc3Cl)cc(C)c12,4.842045196876153,True
646,Oc1cc(O)nc(Cc2ccccc2)n1,4.835523015802175,True
647,COc1cccc(-c2ccc(C3CC3c3cc(=O)n(C)c(N)n3)cc2)c1,4.8250958979158085,True
648,Cc1ccc(CNS(=O)(=O)c2ccc(Cl)cc2)cc1,4.8174225752892115,True
649,COc1ccc(CN(Cc2ccccc2)C2=NCCC2(C)C)cc1OC,4.769346180018118,True
650,O=S(=O)(NCc1ccccc1)c1ccccc1,4.7693227890124685,True
651,O=C(Cc1ccccc1)Nc1cc(Br)ccc1NCc1ccc2c(c1)OCO2,4.720510247965728,True
652,N#Cc1cnc2c(c1)CCCC2c1cccc(OCCN2CCOCC2)c1,4.709730445330326,True
653,Cc1ccc(CNC(=O)n2sc3ncccc3c2=O)cc1,4.703464551852075,True
654,COc1cccc(-c2cccc(C3CC3c3cc(=O)n(C)c(N)n3)c2)c1,4.671811165105732,True
655,Cc1cccc(-c2ccc(C3CC3c3cc(=O)n(C)c(N)n3)cc2)c1,4.632935524739379,True
656,NC1=NC(=O)C(Cc2ccccc2)N1,4.499651537673832,True
657,CCc1ccc(-c2ccc(C3CC3c3cc(=O)n(C)c(N)n3)cc2)cc1,4.468130576363375,True
658,CC1=NC(c2cc(-c3cc(C)cs3)[nH]c2N)C(C2CCOCC2)C(O)C1,4.432097029809984,True
659,CSc1ccc(-c2ccc(C3CC3c3cc(=O)n(C)c(N)n3)cc2)cc1,4.365197158548437,True
660,NC1=NC2CCCCC2=N1,4.342217313674767,True
661,Nc1nc(=O)c2ccccc2[nH]1,4.237278244695606,True
